model,accuracy,roc_auc,FAR_eer,FRR_eer,EER_test,FAR_skilled,FAR_random,seed
siamese,0.7888,0.8982518518518517,0.2702222222222222,0.1226666666666666,0.1914444444444444,0.3806666666666666,0.0493333333333333,42
rf,0.7749333333333334,0.8535754074074073,0.2435555555555555,0.1973333333333333,0.2262222222222222,0.3526666666666667,0.0253333333333333,42
svm,0.7738666666666667,0.8568657777777778,0.2688888888888889,0.162,0.2255555555555555,0.3886666666666666,0.0293333333333333,42
combined,0.7936,0.9022118518518518,0.268,0.114,0.1863333333333333,0.376,0.052,42
siamese,0.7746666666666666,0.8595285925925926,0.1248888888888888,0.376,0.2272222222222222,0.184,0.0066666666666666,1
rf,0.7621333333333333,0.842826962962963,0.272,0.1866666666666666,0.2341111111111111,0.38,0.056,1
svm,0.7624,0.8363271111111111,0.2888888888888888,0.1606666666666666,0.238,0.406,0.0546666666666666,1
combined,0.7613333333333333,0.8361302222222223,0.1591111111111111,0.358,0.2384444444444444,0.2346666666666666,0.008,1
siamese,0.8066666666666666,0.8788004444444445,0.1924444444444444,0.1946666666666666,0.1933333333333333,0.2593333333333333,0.0586666666666666,2
rf,0.8229333333333333,0.9008530370370372,0.1791111111111111,0.174,0.1765555555555555,0.2513333333333333,0.0346666666666666,2
svm,0.8114666666666667,0.8913134814814815,0.1977777777777777,0.1746666666666666,0.1872222222222222,0.272,0.0493333333333333,2
combined,0.7976,0.8809154074074073,0.2195555555555555,0.1766666666666666,0.1951111111111111,0.298,0.0626666666666666,2
siamese,0.8064,0.8937765925925928,0.1791111111111111,0.2153333333333333,0.1944444444444444,0.26,0.0173333333333333,3
rf,0.7498666666666667,0.828378074074074,0.2462222222222222,0.256,0.2525555555555556,0.348,0.0426666666666666,3
svm,0.7453333333333333,0.8280029629629628,0.2466666666666666,0.2666666666666666,0.253,0.3433333333333333,0.0533333333333333,3
combined,0.8138666666666666,0.8899595555555555,0.1546666666666666,0.2333333333333333,0.1931111111111111,0.224,0.016,3
siamese,0.7968,0.8797269629629629,0.1724444444444444,0.2493333333333333,0.1992222222222222,0.2546666666666666,0.008,4
rf,0.7808,0.884210074074074,0.2871111111111111,0.1173333333333333,0.1943333333333333,0.4086666666666667,0.044,4
svm,0.7752,0.8711442962962965,0.3026666666666666,0.108,0.2058888888888888,0.4306666666666666,0.0466666666666666,4
combined,0.8058666666666666,0.881828148148148,0.1897777777777777,0.2006666666666666,0.1946666666666666,0.278,0.0133333333333333,4
