,,FAR_test,FAR_test,FRR_test,FRR_test
,,mean,std,mean,std
target_FAR,model,,,,
0.05,combined,0.07324444444444438,0.013925374299555308,0.4437333333333333,0.097356846474994
0.05,rf,0.06577777777777775,0.02288133640230736,0.5665333333333333,0.09289109513594708
0.05,siamese,0.06675555555555553,0.0183851792162822,0.4873333333333333,0.09795463802756413
0.05,svm,0.06719999999999994,0.025578540388283746,0.5798666666666666,0.09826200803068406
0.1,combined,0.13324444444444442,0.02082116681779196,0.30093333333333333,0.06217645141941692
0.1,rf,0.13155555555555548,0.04328829568382057,0.38173333333333337,0.10538458668662658
0.1,siamese,0.11919999999999997,0.022823855832477733,0.3285333333333333,0.0722855448896942
0.1,svm,0.13386666666666663,0.05002557370676883,0.37773333333333337,0.1033791296367137
0.15,combined,0.18391111111111108,0.026330098254166722,0.2265333333333333,0.046838730412626144
0.15,rf,0.19031111111111107,0.052904199464576085,0.2721333333333333,0.09385260311313225
0.15,siamese,0.17182222222222218,0.017530502517569723,0.23919999999999994,0.05140989960871132
0.15,svm,0.19555555555555554,0.057350557275000255,0.27066666666666667,0.09144518698226943
0.2,combined,0.23902222222222216,0.0275813499342859,0.16839999999999994,0.03536979251030775
0.2,rf,0.24026666666666668,0.06266162312249564,0.20519999999999997,0.0819164886400236
0.2,siamese,0.22373333333333328,0.020611874798670052,0.1785333333333333,0.05230551277510496
0.2,svm,0.24275555555555553,0.0551875813548888,0.20106666666666664,0.07429311318464633
