reference_path,query_path,label,pair_type,writer_id_ref,writer_id_query,delta_aspect_ratio,delta_pixel_density,group_vn
D:\GitHub\Do_an_tot_nghiep\data\processed\full_org\original_30_12.png,D:\GitHub\Do_an_tot_nghiep\data\processed\full_forg\forgeries_30_6.png,0,skilled_forgery,30,30,0.0141290322580645,0.05835777126099707,Gia co ky nang
D:\GitHub\Do_an_tot_nghiep\data\processed\full_org\original_25_9.png,D:\GitHub\Do_an_tot_nghiep\data\processed\full_forg\forgeries_25_17.png,0,skilled_forgery,25,25,0.8962962962962959,0.051173020527859235,Gia co ky nang
D:\GitHub\Do_an_tot_nghiep\data\processed\full_org\original_11_1.png,D:\GitHub\Do_an_tot_nghiep\data\processed\full_forg\forgeries_11_9.png,0,skilled_forgery,11,11,2.8614389036924246,0.00434017595307918,Gia co ky nang
D:\GitHub\Do_an_tot_nghiep\data\processed\full_org\original_21_13.png,D:\GitHub\Do_an_tot_nghiep\data\processed\full_forg\forgeries_21_15.png,0,skilled_forgery,21,21,1.077857813968055,0.041788856304985335,Gia co ky nang
D:\GitHub\Do_an_tot_nghiep\data\processed\full_org\original_43_3.png,D:\GitHub\Do_an_tot_nghiep\data\processed\full_forg\forgeries_43_8.png,0,skilled_forgery,43,43,0.37419354838709684,0.03228739002932551,Gia co ky nang
D:\GitHub\Do_an_tot_nghiep\data\processed\full_org\original_11_4.png,D:\GitHub\Do_an_tot_nghiep\data\processed\full_forg\forgeries_11_15.png,0,skilled_forgery,11,11,2.644230769230769,0.0013196480938416424,Gia co ky nang
D:\GitHub\Do_an_tot_nghiep\data\processed\full_org\original_4_9.png,D:\GitHub\Do_an_tot_nghiep\data\processed\full_forg\forgeries_4_22.png,0,skilled_forgery,4,4,3.081232492997199,0.014222873900293254,Gia co ky nang
D:\GitHub\Do_an_tot_nghiep\data\processed\full_org\original_11_1.png,D:\GitHub\Do_an_tot_nghiep\data\processed\full_forg\forgeries_11_22.png,0,skilled_forgery,11,11,2.397558849171752,0.004897360703812317,Gia co ky nang
D:\GitHub\Do_an_tot_nghiep\data\processed\full_org\original_22_24.png,D:\GitHub\Do_an_tot_nghiep\data\processed\full_forg\forgeries_22_19.png,0,skilled_forgery,22,22,0.1398337112622825,0.04741935483870968,Gia co ky nang
D:\GitHub\Do_an_tot_nghiep\data\processed\full_org\original_53_18.png,D:\GitHub\Do_an_tot_nghiep\data\processed\full_forg\forgeries_53_5.png,0,skilled_forgery,53,53,3.6471036585365857,0.0034604105571847503,Gia co ky nang
D:\GitHub\Do_an_tot_nghiep\data\processed\full_org\original_11_11.png,D:\GitHub\Do_an_tot_nghiep\data\processed\full_forg\forgeries_11_21.png,0,skilled_forgery,11,11,3.142857142857143,0.007536656891495606,Gia co ky nang
D:\GitHub\Do_an_tot_nghiep\data\processed\full_org\original_4_17.png,D:\GitHub\Do_an_tot_nghiep\data\processed\full_forg\forgeries_4_20.png,0,skilled_forgery,4,4,2.5824175824175826,0.011319648093841637,Gia co ky nang
D:\GitHub\Do_an_tot_nghiep\data\processed\full_org\original_30_9.png,D:\GitHub\Do_an_tot_nghiep\data\processed\full_forg\forgeries_30_21.png,0,skilled_forgery,30,30,0.2673442333186036,0.042287390029325515,Gia co ky nang
D:\GitHub\Do_an_tot_nghiep\data\processed\full_org\original_31_4.png,D:\GitHub\Do_an_tot_nghiep\data\processed\full_forg\forgeries_31_23.png,0,skilled_forgery,31,31,0.12083333333333335,0.04225806451612903,Gia co ky nang
D:\GitHub\Do_an_tot_nghiep\data\processed\full_org\original_30_18.png,D:\GitHub\Do_an_tot_nghiep\data\processed\full_forg\forgeries_30_5.png,0,skilled_forgery,30,30,0.2916666666666665,0.05697947214076247,Gia co ky nang
D:\GitHub\Do_an_tot_nghiep\data\processed\full_org\original_11_4.png,D:\GitHub\Do_an_tot_nghiep\data\processed\full_forg\forgeries_11_22.png,0,skilled_forgery,11,11,3.3266129032258065,0.00310850439882698,Gia co ky nang
D:\GitHub\Do_an_tot_nghiep\data\processed\full_org\original_16_8.png,D:\GitHub\Do_an_tot_nghiep\data\processed\full_forg\forgeries_16_9.png,0,skilled_forgery,16,16,2.6016859852476286,0.005219941348973606,Gia co ky nang
D:\GitHub\Do_an_tot_nghiep\data\processed\full_org\original_39_9.png,D:\GitHub\Do_an_tot_nghiep\data\processed\full_forg\forgeries_39_5.png,0,skilled_forgery,39,39,2.416978776529339,0.004428152492668619,Gia co ky nang
D:\GitHub\Do_an_tot_nghiep\data\processed\full_org\original_21_11.png,D:\GitHub\Do_an_tot_nghiep\data\processed\full_forg\forgeries_21_19.png,0,skilled_forgery,21,21,0.3966297544535389,0.03612903225806451,Gia co ky nang
D:\GitHub\Do_an_tot_nghiep\data\processed\full_org\original_12_13.png,D:\GitHub\Do_an_tot_nghiep\data\processed\full_forg\forgeries_12_11.png,0,skilled_forgery,12,12,0.06174225415356971,0.03222873900293255,Gia co ky nang
D:\GitHub\Do_an_tot_nghiep\data\processed\full_org\original_21_11.png,D:\GitHub\Do_an_tot_nghiep\data\processed\full_forg\forgeries_21_15.png,0,skilled_forgery,21,21,0.8907610397745067,0.043519061583577705,Gia co ky nang
D:\GitHub\Do_an_tot_nghiep\data\processed\full_org\original_25_24.png,D:\GitHub\Do_an_tot_nghiep\data\processed\full_forg\forgeries_25_23.png,0,skilled_forgery,25,25,0.9677419354838712,0.037888563049853365,Gia co ky nang
D:\GitHub\Do_an_tot_nghiep\data\processed\full_org\original_30_16.png,D:\GitHub\Do_an_tot_nghiep\data\processed\full_forg\forgeries_30_23.png,0,skilled_forgery,30,30,0.02310560310875398,0.03533724340175953,Gia co ky nang
D:\GitHub\Do_an_tot_nghiep\data\processed\full_org\original_4_18.png,D:\GitHub\Do_an_tot_nghiep\data\processed\full_forg\forgeries_4_14.png,0,skilled_forgery,4,4,2.7510265024262788,0.012170087976539588,Gia co ky nang
D:\GitHub\Do_an_tot_nghiep\data\processed\full_org\original_25_11.png,D:\GitHub\Do_an_tot_nghiep\data\processed\full_forg\forgeries_25_14.png,0,skilled_forgery,25,25,0.02686202686202721,0.048944281524926685,Gia co ky nang
D:\GitHub\Do_an_tot_nghiep\data\processed\full_org\original_4_23.png,D:\GitHub\Do_an_tot_nghiep\data\processed\full_forg\forgeries_4_14.png,0,skilled_forgery,4,4,3.436029097133077,0.011554252199413494,Gia co ky nang
D:\GitHub\Do_an_tot_nghiep\data\processed\full_org\original_30_11.png,D:\GitHub\Do_an_tot_nghiep\data\processed\full_forg\forgeries_30_9.png,0,skilled_forgery,30,30,1.337441705529647,0.06219941348973607,Gia co ky nang
D:\GitHub\Do_an_tot_nghiep\data\processed\full_org\original_53_11.png,D:\GitHub\Do_an_tot_nghiep\data\processed\full_forg\forgeries_53_18.png,0,skilled_forgery,53,53,3.2684426229508197,0.006099706744868035,Gia co ky nang
D:\GitHub\Do_an_tot_nghiep\data\processed\full_org\original_36_13.png,D:\GitHub\Do_an_tot_nghiep\data\processed\full_forg\forgeries_36_15.png,0,skilled_forgery,36,36,0.5623127093248723,0.041818181818181824,Gia co ky nang
D:\GitHub\Do_an_tot_nghiep\data\processed\full_org\original_25_20.png,D:\GitHub\Do_an_tot_nghiep\data\processed\full_forg\forgeries_25_12.png,0,skilled_forgery,25,25,1.9822580645161292,0.04137829912023459,Gia co ky nang
D:\GitHub\Do_an_tot_nghiep\data\processed\full_org\original_30_6.png,D:\GitHub\Do_an_tot_nghiep\data\processed\full_forg\forgeries_30_13.png,0,skilled_forgery,30,30,0.42155538884721167,0.037683284457478,Gia co ky nang
D:\GitHub\Do_an_tot_nghiep\data\processed\full_org\original_22_24.png,D:\GitHub\Do_an_tot_nghiep\data\processed\full_forg\forgeries_22_7.png,0,skilled_forgery,22,22,0.6167264038231779,0.05642228739002933,Gia co ky nang
D:\GitHub\Do_an_tot_nghiep\data\processed\full_org\original_30_2.png,D:\GitHub\Do_an_tot_nghiep\data\processed\full_forg\forgeries_30_6.png,0,skilled_forgery,30,30,0.05205278592375362,0.06800586510263928,Gia co ky nang
D:\GitHub\Do_an_tot_nghiep\data\processed\full_org\original_25_3.png,D:\GitHub\Do_an_tot_nghiep\data\processed\full_forg\forgeries_25_16.png,0,skilled_forgery,25,25,0.853448275862069,0.04269794721407625,Gia co ky nang
D:\GitHub\Do_an_tot_nghiep\data\processed\full_org\original_53_8.png,D:\GitHub\Do_an_tot_nghiep\data\processed\full_forg\forgeries_53_5.png,0,skilled_forgery,53,53,3.6471036585365857,0.0013196480938416424,Gia co ky nang
D:\GitHub\Do_an_tot_nghiep\data\processed\full_org\original_55_7.png,D:\GitHub\Do_an_tot_nghiep\data\processed\full_forg\forgeries_55_5.png,0,skilled_forgery,55,55,2.5541795665634677,0.007184750733137828,Gia co ky nang
D:\GitHub\Do_an_tot_nghiep\data\processed\full_org\original_25_10.png,D:\GitHub\Do_an_tot_nghiep\data\processed\full_forg\forgeries_25_24.png,0,skilled_forgery,25,25,0.9859943977591037,0.051554252199413494,Gia co ky nang
D:\GitHub\Do_an_tot_nghiep\data\processed\full_org\original_30_9.png,D:\GitHub\Do_an_tot_nghiep\data\processed\full_forg\forgeries_30_7.png,0,skilled_forgery,30,30,0.8448540706605223,0.06214076246334311,Gia co ky nang
D:\GitHub\Do_an_tot_nghiep\data\processed\full_org\original_37_11.png,D:\GitHub\Do_an_tot_nghiep\data\processed\full_forg\forgeries_37_19.png,0,skilled_forgery,37,37,0.6322580645161291,0.034750733137829906,Gia co ky nang
D:\GitHub\Do_an_tot_nghiep\data\processed\full_org\original_55_9.png,D:\GitHub\Do_an_tot_nghiep\data\processed\full_forg\forgeries_55_9.png,0,skilled_forgery,55,55,2.411764705882353,0.003782991202346042,Gia co ky nang
D:\GitHub\Do_an_tot_nghiep\data\processed\full_org\original_16_4.png,D:\GitHub\Do_an_tot_nghiep\data\processed\full_forg\forgeries_16_5.png,0,skilled_forgery,16,16,2.737327188940092,0.0027565982404692095,Gia co ky nang
D:\GitHub\Do_an_tot_nghiep\data\processed\full_org\original_21_8.png,D:\GitHub\Do_an_tot_nghiep\data\processed\full_forg\forgeries_21_13.png,0,skilled_forgery,21,21,0.758651026392962,0.05381231671554253,Gia co ky nang
D:\GitHub\Do_an_tot_nghiep\data\processed\full_org\original_21_24.png,D:\GitHub\Do_an_tot_nghiep\data\processed\full_forg\forgeries_21_13.png,0,skilled_forgery,21,21,0.8102639296187684,0.04964809384164223,Gia co ky nang
D:\GitHub\Do_an_tot_nghiep\data\processed\full_org\original_30_13.png,D:\GitHub\Do_an_tot_nghiep\data\processed\full_forg\forgeries_30_6.png,0,skilled_forgery,30,30,0.6514533853243529,0.05428152492668622,Gia co ky nang
D:\GitHub\Do_an_tot_nghiep\data\processed\full_org\original_22_10.png,D:\GitHub\Do_an_tot_nghiep\data\processed\full_forg\forgeries_22_10.png,0,skilled_forgery,22,22,0.4052825286858628,0.04442815249266863,Gia co ky nang
D:\GitHub\Do_an_tot_nghiep\data\processed\full_org\original_30_20.png,D:\GitHub\Do_an_tot_nghiep\data\processed\full_forg\forgeries_30_5.png,0,skilled_forgery,30,30,0.07392473118279597,0.05299120234604105,Gia co ky nang
D:\GitHub\Do_an_tot_nghiep\data\processed\full_org\original_24_19.png,D:\GitHub\Do_an_tot_nghiep\data\processed\full_forg\forgeries_24_18.png,0,skilled_forgery,24,24,0.3583959899749374,0.03272727272727273,Gia co ky nang
D:\GitHub\Do_an_tot_nghiep\data\processed\full_org\original_36_24.png,D:\GitHub\Do_an_tot_nghiep\data\processed\full_forg\forgeries_36_11.png,0,skilled_forgery,36,36,1.604414261460102,0.04551319648093841,Gia co ky nang
D:\GitHub\Do_an_tot_nghiep\data\processed\full_org\original_31_19.png,D:\GitHub\Do_an_tot_nghiep\data\processed\full_forg\forgeries_31_19.png,0,skilled_forgery,31,31,0.12620415377817062,0.03428152492668622,Gia co ky nang
D:\GitHub\Do_an_tot_nghiep\data\processed\full_org\original_53_19.png,D:\GitHub\Do_an_tot_nghiep\data\processed\full_forg\forgeries_53_13.png,0,skilled_forgery,53,53,2.561330561330561,0.010410557184750733,Gia co ky nang
D:\GitHub\Do_an_tot_nghiep\data\processed\full_org\original_22_18.png,D:\GitHub\Do_an_tot_nghiep\data\processed\full_forg\forgeries_22_24.png,0,skilled_forgery,22,22,0.5651135005973715,0.036246334310850434,Gia co ky nang
D:\GitHub\Do_an_tot_nghiep\data\processed\full_org\original_25_3.png,D:\GitHub\Do_an_tot_nghiep\data\processed\full_forg\forgeries_25_22.png,0,skilled_forgery,25,25,0.9610678531701892,0.04117302052785925,Gia co ky nang
D:\GitHub\Do_an_tot_nghiep\data\processed\full_org\original_21_20.png,D:\GitHub\Do_an_tot_nghiep\data\processed\full_forg\forgeries_21_18.png,0,skilled_forgery,21,21,0.34777489992936195,0.04073313782991202,Gia co ky nang
D:\GitHub\Do_an_tot_nghiep\data\processed\full_org\original_22_21.png,D:\GitHub\Do_an_tot_nghiep\data\processed\full_forg\forgeries_22_6.png,0,skilled_forgery,22,22,0.5342293906810035,0.036950146627565975,Gia co ky nang
D:\GitHub\Do_an_tot_nghiep\data\processed\full_org\original_30_17.png,D:\GitHub\Do_an_tot_nghiep\data\processed\full_forg\forgeries_30_7.png,0,skilled_forgery,30,30,0.46218487394957997,0.044516129032258066,Gia co ky nang
D:\GitHub\Do_an_tot_nghiep\data\processed\full_org\original_16_10.png,D:\GitHub\Do_an_tot_nghiep\data\processed\full_forg\forgeries_16_5.png,0,skilled_forgery,16,16,2.562724014336917,0.0008504398826979474,Gia co ky nang
D:\GitHub\Do_an_tot_nghiep\data\processed\full_org\original_25_14.png,D:\GitHub\Do_an_tot_nghiep\data\processed\full_forg\forgeries_25_4.png,0,skilled_forgery,25,25,0.5394716025945261,0.03346041055718475,Gia co ky nang
D:\GitHub\Do_an_tot_nghiep\data\processed\full_org\original_30_8.png,D:\GitHub\Do_an_tot_nghiep\data\processed\full_forg\forgeries_30_23.png,0,skilled_forgery,30,30,0.2660056828486792,0.03900293255131965,Gia co ky nang
D:\GitHub\Do_an_tot_nghiep\data\processed\full_org\original_53_10.png,D:\GitHub\Do_an_tot_nghiep\data\processed\full_forg\forgeries_53_10.png,0,skilled_forgery,53,53,2.726495726495726,0.005043988269794724,Gia co ky nang
D:\GitHub\Do_an_tot_nghiep\data\processed\full_org\original_16_9.png,D:\GitHub\Do_an_tot_nghiep\data\processed\full_forg\forgeries_16_6.png,0,skilled_forgery,16,16,2.7408637873754147,0.005102639296187685,Gia co ky nang
D:\GitHub\Do_an_tot_nghiep\data\processed\full_org\original_53_11.png,D:\GitHub\Do_an_tot_nghiep\data\processed\full_forg\forgeries_53_17.png,0,skilled_forgery,53,53,2.4749999999999996,0.006920821114369501,Gia co ky nang
D:\GitHub\Do_an_tot_nghiep\data\processed\full_org\original_30_6.png,D:\GitHub\Do_an_tot_nghiep\data\processed\full_forg\forgeries_30_9.png,0,skilled_forgery,30,30,1.0793837699931315,0.06794721407624632,Gia co ky nang
D:\GitHub\Do_an_tot_nghiep\data\processed\full_org\original_11_12.png,D:\GitHub\Do_an_tot_nghiep\data\processed\full_forg\forgeries_11_16.png,0,skilled_forgery,11,11,2.783882783882784,0.005953079178885632,Gia co ky nang
D:\GitHub\Do_an_tot_nghiep\data\processed\full_org\original_25_3.png,D:\GitHub\Do_an_tot_nghiep\data\processed\full_forg\forgeries_25_2.png,0,skilled_forgery,25,25,0.7159065628476085,0.03507331378299121,Gia co ky nang
D:\GitHub\Do_an_tot_nghiep\data\processed\full_org\original_1_16.png,D:\GitHub\Do_an_tot_nghiep\data\processed\full_forg\forgeries_1_18.png,0,skilled_forgery,1,1,2.4586357039187225,0.0256891495601173,Gia co ky nang
D:\GitHub\Do_an_tot_nghiep\data\processed\full_org\original_37_8.png,D:\GitHub\Do_an_tot_nghiep\data\processed\full_forg\forgeries_37_19.png,0,skilled_forgery,37,37,0.47096774193548396,0.03175953079178885,Gia co ky nang
D:\GitHub\Do_an_tot_nghiep\data\processed\full_org\original_37_21.png,D:\GitHub\Do_an_tot_nghiep\data\processed\full_forg\forgeries_37_6.png,0,skilled_forgery,37,37,0.8445490934777491,0.03495601173020528,Gia co ky nang
D:\GitHub\Do_an_tot_nghiep\data\processed\full_org\original_25_6.png,D:\GitHub\Do_an_tot_nghiep\data\processed\full_forg\forgeries_25_13.png,0,skilled_forgery,25,25,0.7252747252747251,0.050234604105571845,Gia co ky nang
D:\GitHub\Do_an_tot_nghiep\data\processed\full_org\original_25_24.png,D:\GitHub\Do_an_tot_nghiep\data\processed\full_forg\forgeries_25_24.png,0,skilled_forgery,25,25,0.9428571428571426,0.05099706744868035,Gia co ky nang
D:\GitHub\Do_an_tot_nghiep\data\processed\full_org\original_21_16.png,D:\GitHub\Do_an_tot_nghiep\data\processed\full_forg\forgeries_21_14.png,0,skilled_forgery,21,21,1.0114187838995146,0.035483870967741936,Gia co ky nang
D:\GitHub\Do_an_tot_nghiep\data\processed\full_org\original_11_1.png,D:\GitHub\Do_an_tot_nghiep\data\processed\full_forg\forgeries_11_17.png,0,skilled_forgery,11,11,2.397558849171752,0.0030498533724340193,Gia co ky nang
D:\GitHub\Do_an_tot_nghiep\data\processed\full_org\original_53_21.png,D:\GitHub\Do_an_tot_nghiep\data\processed\full_forg\forgeries_53_5.png,0,skilled_forgery,53,53,3.063858695652174,0.003313782991202347,Gia co ky nang
D:\GitHub\Do_an_tot_nghiep\data\processed\full_org\original_21_9.png,D:\GitHub\Do_an_tot_nghiep\data\processed\full_forg\forgeries_21_16.png,0,skilled_forgery,21,21,0.6079727248885392,0.04137829912023461,Gia co ky nang
D:\GitHub\Do_an_tot_nghiep\data\processed\full_org\original_25_17.png,D:\GitHub\Do_an_tot_nghiep\data\processed\full_forg\forgeries_25_12.png,0,skilled_forgery,25,25,1.6929322218195,0.04806451612903226,Gia co ky nang
D:\GitHub\Do_an_tot_nghiep\data\processed\full_org\original_25_4.png,D:\GitHub\Do_an_tot_nghiep\data\processed\full_forg\forgeries_25_20.png,0,skilled_forgery,25,25,0.8402307894046682,0.04721407624633431,Gia co ky nang
D:\GitHub\Do_an_tot_nghiep\data\processed\full_org\original_22_24.png,D:\GitHub\Do_an_tot_nghiep\data\processed\full_forg\forgeries_22_4.png,0,skilled_forgery,22,22,0.48124253285543594,0.04319648093841642,Gia co ky nang
D:\GitHub\Do_an_tot_nghiep\data\processed\full_org\original_25_15.png,D:\GitHub\Do_an_tot_nghiep\data\processed\full_forg\forgeries_25_18.png,0,skilled_forgery,25,25,1.2596321977690685,0.05354838709677419,Gia co ky nang
D:\GitHub\Do_an_tot_nghiep\data\processed\full_org\original_29_21.png,D:\GitHub\Do_an_tot_nghiep\data\processed\full_forg\forgeries_29_3.png,0,skilled_forgery,29,29,2.427490542244641,0.0012609970674486819,Gia co ky nang
D:\GitHub\Do_an_tot_nghiep\data\processed\full_org\original_4_22.png,D:\GitHub\Do_an_tot_nghiep\data\processed\full_forg\forgeries_4_23.png,0,skilled_forgery,4,4,3.2551020408163267,0.0292375366568915,Gia co ky nang
D:\GitHub\Do_an_tot_nghiep\data\processed\full_org\original_5_24.png,D:\GitHub\Do_an_tot_nghiep\data\processed\full_forg\forgeries_5_24.png,0,skilled_forgery,5,5,1.2028657616892913,0.032668621700879766,Gia co ky nang
D:\GitHub\Do_an_tot_nghiep\data\processed\full_org\original_25_6.png,D:\GitHub\Do_an_tot_nghiep\data\processed\full_forg\forgeries_25_16.png,0,skilled_forgery,25,25,1.0576923076923077,0.054105571847507326,Gia co ky nang
D:\GitHub\Do_an_tot_nghiep\data\processed\full_org\original_22_16.png,D:\GitHub\Do_an_tot_nghiep\data\processed\full_forg\forgeries_22_15.png,0,skilled_forgery,22,22,0.3612903225806452,0.03519061583577712,Gia co ky nang
D:\GitHub\Do_an_tot_nghiep\data\processed\full_org\original_31_10.png,D:\GitHub\Do_an_tot_nghiep\data\processed\full_forg\forgeries_31_21.png,0,skilled_forgery,31,31,0.07096774193548372,0.041085043988269794,Gia co ky nang
D:\GitHub\Do_an_tot_nghiep\data\processed\full_org\original_22_19.png,D:\GitHub\Do_an_tot_nghiep\data\processed\full_forg\forgeries_22_9.png,0,skilled_forgery,22,22,0.4256308975202985,0.038914956011730215,Gia co ky nang
D:\GitHub\Do_an_tot_nghiep\data\processed\full_org\original_21_18.png,D:\GitHub\Do_an_tot_nghiep\data\processed\full_forg\forgeries_21_1.png,0,skilled_forgery,21,21,0.5455136893467065,0.05422287390029325,Gia co ky nang
D:\GitHub\Do_an_tot_nghiep\data\processed\full_org\original_53_7.png,D:\GitHub\Do_an_tot_nghiep\data\processed\full_forg\forgeries_53_9.png,0,skilled_forgery,53,53,2.5925925925925926,0.006480938416422288,Gia co ky nang
D:\GitHub\Do_an_tot_nghiep\data\processed\full_org\original_55_10.png,D:\GitHub\Do_an_tot_nghiep\data\processed\full_forg\forgeries_55_3.png,0,skilled_forgery,55,55,2.587492828456684,0.0011730205278592393,Gia co ky nang
D:\GitHub\Do_an_tot_nghiep\data\processed\full_org\original_16_22.png,D:\GitHub\Do_an_tot_nghiep\data\processed\full_forg\forgeries_16_12.png,0,skilled_forgery,16,16,2.5925925925925926,0.0033431085043988257,Gia co ky nang
D:\GitHub\Do_an_tot_nghiep\data\processed\full_org\original_39_11.png,D:\GitHub\Do_an_tot_nghiep\data\processed\full_forg\forgeries_39_12.png,0,skilled_forgery,39,39,2.405637254901961,0.005894428152492668,Gia co ky nang
D:\GitHub\Do_an_tot_nghiep\data\processed\full_org\original_21_19.png,D:\GitHub\Do_an_tot_nghiep\data\processed\full_forg\forgeries_21_12.png,0,skilled_forgery,21,21,0.6513904338153504,0.03495601173020528,Gia co ky nang
D:\GitHub\Do_an_tot_nghiep\data\processed\full_org\original_53_12.png,D:\GitHub\Do_an_tot_nghiep\data\processed\full_forg\forgeries_53_4.png,0,skilled_forgery,53,53,2.3965141612200433,0.004222873900293255,Gia co ky nang
D:\GitHub\Do_an_tot_nghiep\data\processed\full_org\original_21_15.png,D:\GitHub\Do_an_tot_nghiep\data\processed\full_forg\forgeries_21_24.png,0,skilled_forgery,21,21,0.8740629685157422,0.09504398826979471,Gia co ky nang
D:\GitHub\Do_an_tot_nghiep\data\processed\full_org\original_53_11.png,D:\GitHub\Do_an_tot_nghiep\data\processed\full_forg\forgeries_53_10.png,0,skilled_forgery,53,53,3.4903846153846154,0.00656891495601173,Gia co ky nang
D:\GitHub\Do_an_tot_nghiep\data\processed\full_org\original_31_6.png,D:\GitHub\Do_an_tot_nghiep\data\processed\full_forg\forgeries_31_23.png,0,skilled_forgery,31,31,0.2058394160583943,0.04178885630498534,Gia co ky nang
D:\GitHub\Do_an_tot_nghiep\data\processed\full_org\original_22_6.png,D:\GitHub\Do_an_tot_nghiep\data\processed\full_forg\forgeries_22_15.png,0,skilled_forgery,22,22,0.3268251273344651,0.04929618768328446,Gia co ky nang
D:\GitHub\Do_an_tot_nghiep\data\processed\full_org\original_11_3.png,D:\GitHub\Do_an_tot_nghiep\data\processed\full_forg\forgeries_11_7.png,0,skilled_forgery,11,11,3.349358974358975,0.012521994134897362,Gia co ky nang
D:\GitHub\Do_an_tot_nghiep\data\processed\full_org\original_16_13.png,D:\GitHub\Do_an_tot_nghiep\data\processed\full_forg\forgeries_16_3.png,0,skilled_forgery,16,16,4.128329297820823,0.004281524926686216,Gia co ky nang
D:\GitHub\Do_an_tot_nghiep\data\processed\full_org\original_31_3.png,D:\GitHub\Do_an_tot_nghiep\data\processed\full_forg\forgeries_31_8.png,0,skilled_forgery,31,31,0.06561679790026242,0.03730205278592375,Gia co ky nang
D:\GitHub\Do_an_tot_nghiep\data\processed\full_org\original_30_22.png,D:\GitHub\Do_an_tot_nghiep\data\processed\full_forg\forgeries_30_5.png,0,skilled_forgery,30,30,0.03812056737588687,0.04747800586510264,Gia co ky nang
D:\GitHub\Do_an_tot_nghiep\data\processed\full_org\original_31_22.png,D:\GitHub\Do_an_tot_nghiep\data\processed\full_forg\forgeries_31_23.png,0,skilled_forgery,31,31,0.13846153846153864,0.03774193548387097,Gia co ky nang
D:\GitHub\Do_an_tot_nghiep\data\processed\full_org\original_21_22.png,D:\GitHub\Do_an_tot_nghiep\data\processed\full_forg\forgeries_21_1.png,0,skilled_forgery,21,21,0.5068040119273516,0.04111436950146627,Gia co ky nang
D:\GitHub\Do_an_tot_nghiep\data\processed\full_org\original_24_19.png,D:\GitHub\Do_an_tot_nghiep\data\processed\full_forg\forgeries_24_2.png,0,skilled_forgery,24,24,0.21718931475029035,0.03302052785923754,Gia co ky nang
D:\GitHub\Do_an_tot_nghiep\data\processed\full_org\original_22_24.png,D:\GitHub\Do_an_tot_nghiep\data\processed\full_forg\forgeries_22_17.png,0,skilled_forgery,22,22,0.1822612085769979,0.0349266862170088,Gia co ky nang
D:\GitHub\Do_an_tot_nghiep\data\processed\full_org\original_16_23.png,D:\GitHub\Do_an_tot_nghiep\data\processed\full_forg\forgeries_16_14.png,0,skilled_forgery,16,16,2.426065162907268,0.0012903225806451639,Gia co ky nang
D:\GitHub\Do_an_tot_nghiep\data\processed\full_org\original_4_22.png,D:\GitHub\Do_an_tot_nghiep\data\processed\full_forg\forgeries_4_5.png,0,skilled_forgery,4,4,2.941860465116279,0.015278592375366572,Gia co ky nang
D:\GitHub\Do_an_tot_nghiep\data\processed\full_org\original_39_3.png,D:\GitHub\Do_an_tot_nghiep\data\processed\full_forg\forgeries_39_21.png,0,skilled_forgery,39,39,3.2301587301587302,0.013695014662756598,Gia co ky nang
D:\GitHub\Do_an_tot_nghiep\data\processed\full_org\original_11_7.png,D:\GitHub\Do_an_tot_nghiep\data\processed\full_forg\forgeries_11_8.png,0,skilled_forgery,11,11,4.222222222222222,0.009208211143695015,Gia co ky nang
D:\GitHub\Do_an_tot_nghiep\data\processed\full_org\original_22_6.png,D:\GitHub\Do_an_tot_nghiep\data\processed\full_forg\forgeries_22_4.png,0,skilled_forgery,22,22,0.29898132427843804,0.0456891495601173,Gia co ky nang
D:\GitHub\Do_an_tot_nghiep\data\processed\full_org\original_21_3.png,D:\GitHub\Do_an_tot_nghiep\data\processed\full_forg\forgeries_21_14.png,0,skilled_forgery,21,21,0.4296612755569118,0.0665982404692082,Gia co ky nang
D:\GitHub\Do_an_tot_nghiep\data\processed\full_org\original_25_14.png,D:\GitHub\Do_an_tot_nghiep\data\processed\full_forg\forgeries_25_19.png,0,skilled_forgery,25,25,1.322317314022383,0.05055718475073314,Gia co ky nang
D:\GitHub\Do_an_tot_nghiep\data\processed\full_org\original_55_9.png,D:\GitHub\Do_an_tot_nghiep\data\processed\full_forg\forgeries_55_4.png,0,skilled_forgery,55,55,2.6344086021505375,0.0007917888563049869,Gia co ky nang
D:\GitHub\Do_an_tot_nghiep\data\processed\full_org\original_31_19.png,D:\GitHub\Do_an_tot_nghiep\data\processed\full_forg\forgeries_31_8.png,0,skilled_forgery,31,31,0.15981735159817356,0.03258064516129032,Gia co ky nang
D:\GitHub\Do_an_tot_nghiep\data\processed\full_org\original_25_15.png,D:\GitHub\Do_an_tot_nghiep\data\processed\full_forg\forgeries_25_2.png,0,skilled_forgery,25,25,0.8660838106722943,0.03671554252199413,Gia co ky nang
D:\GitHub\Do_an_tot_nghiep\data\processed\full_org\original_22_4.png,D:\GitHub\Do_an_tot_nghiep\data\processed\full_forg\forgeries_22_9.png,0,skilled_forgery,22,22,0.3859859004486219,0.034134897360703825,Gia co ky nang
D:\GitHub\Do_an_tot_nghiep\data\processed\full_org\original_16_13.png,D:\GitHub\Do_an_tot_nghiep\data\processed\full_forg\forgeries_16_15.png,0,skilled_forgery,16,16,2.6190476190476186,0.005542521994134898,Gia co ky nang
D:\GitHub\Do_an_tot_nghiep\data\processed\full_org\original_25_21.png,D:\GitHub\Do_an_tot_nghiep\data\processed\full_forg\forgeries_25_20.png,0,skilled_forgery,25,25,1.4960573476702512,0.03909090909090909,Gia co ky nang
D:\GitHub\Do_an_tot_nghiep\data\processed\full_org\original_24_24.png,D:\GitHub\Do_an_tot_nghiep\data\processed\full_forg\forgeries_24_23.png,0,skilled_forgery,24,24,0.6084656084656086,0.04489736070381231,Gia co ky nang
D:\GitHub\Do_an_tot_nghiep\data\processed\full_org\original_30_6.png,D:\GitHub\Do_an_tot_nghiep\data\processed\full_forg\forgeries_30_2.png,0,skilled_forgery,30,30,0.03875968992248047,0.03656891495601172,Gia co ky nang
D:\GitHub\Do_an_tot_nghiep\data\processed\full_org\original_11_3.png,D:\GitHub\Do_an_tot_nghiep\data\processed\full_forg\forgeries_11_20.png,0,skilled_forgery,11,11,2.585470085470086,0.0034604105571847503,Gia co ky nang
D:\GitHub\Do_an_tot_nghiep\data\processed\full_org\original_4_8.png,D:\GitHub\Do_an_tot_nghiep\data\processed\full_forg\forgeries_4_23.png,0,skilled_forgery,4,4,2.643990929705216,0.025689149560117308,Gia co ky nang
D:\GitHub\Do_an_tot_nghiep\data\processed\full_org\original_16_11.png,D:\GitHub\Do_an_tot_nghiep\data\processed\full_forg\forgeries_16_8.png,0,skilled_forgery,16,16,3.326300984528832,0.004281524926686219,Gia co ky nang
D:\GitHub\Do_an_tot_nghiep\data\processed\full_org\original_37_17.png,D:\GitHub\Do_an_tot_nghiep\data\processed\full_forg\forgeries_37_19.png,0,skilled_forgery,37,37,0.4580645161290323,0.0332258064516129,Gia co ky nang
D:\GitHub\Do_an_tot_nghiep\data\processed\full_org\original_4_9.png,D:\GitHub\Do_an_tot_nghiep\data\processed\full_forg\forgeries_4_2.png,0,skilled_forgery,4,4,2.7494588744588744,0.0059824046920821106,Gia co ky nang
D:\GitHub\Do_an_tot_nghiep\data\processed\full_org\original_22_13.png,D:\GitHub\Do_an_tot_nghiep\data\processed\full_forg\forgeries_22_2.png,0,skilled_forgery,22,22,0.10569985569985563,0.034662756598240474,Gia co ky nang
D:\GitHub\Do_an_tot_nghiep\data\processed\full_org\original_31_13.png,D:\GitHub\Do_an_tot_nghiep\data\processed\full_forg\forgeries_31_23.png,0,skilled_forgery,31,31,0.34603174603174613,0.04143695014662757,Gia co ky nang
D:\GitHub\Do_an_tot_nghiep\data\processed\full_org\original_55_7.png,D:\GitHub\Do_an_tot_nghiep\data\processed\full_forg\forgeries_55_7.png,0,skilled_forgery,55,55,2.5541795665634677,0.009824046920821113,Gia co ky nang
D:\GitHub\Do_an_tot_nghiep\data\processed\full_org\original_4_10.png,D:\GitHub\Do_an_tot_nghiep\data\processed\full_forg\forgeries_4_13.png,0,skilled_forgery,4,4,2.698869081847805,0.029442815249266868,Gia co ky nang
D:\GitHub\Do_an_tot_nghiep\data\processed\full_org\original_30_1.png,D:\GitHub\Do_an_tot_nghiep\data\processed\full_forg\forgeries_30_10.png,0,skilled_forgery,30,30,0.7687356321839081,0.04762463343108504,Gia co ky nang
D:\GitHub\Do_an_tot_nghiep\data\processed\full_org\original_11_13.png,D:\GitHub\Do_an_tot_nghiep\data\processed\full_forg\forgeries_11_16.png,0,skilled_forgery,11,11,2.642857142857143,0.005014662756598242,Gia co ky nang
D:\GitHub\Do_an_tot_nghiep\data\processed\full_org\original_11_2.png,D:\GitHub\Do_an_tot_nghiep\data\processed\full_forg\forgeries_11_16.png,0,skilled_forgery,11,11,3.4285714285714284,0.008533724340175953,Gia co ky nang
D:\GitHub\Do_an_tot_nghiep\data\processed\full_org\original_53_1.png,D:\GitHub\Do_an_tot_nghiep\data\processed\full_forg\forgeries_53_13.png,0,skilled_forgery,53,53,2.5343035343035347,0.00967741935483871,Gia co ky nang
D:\GitHub\Do_an_tot_nghiep\data\processed\full_org\original_16_16.png,D:\GitHub\Do_an_tot_nghiep\data\processed\full_forg\forgeries_16_10.png,0,skilled_forgery,16,16,2.901098901098901,0.0073020527859237565,Gia co ky nang
D:\GitHub\Do_an_tot_nghiep\data\processed\full_org\original_25_14.png,D:\GitHub\Do_an_tot_nghiep\data\processed\full_forg\forgeries_25_14.png,0,skilled_forgery,25,25,0.17268445839874413,0.04372434017595308,Gia co ky nang
D:\GitHub\Do_an_tot_nghiep\data\processed\full_org\original_16_22.png,D:\GitHub\Do_an_tot_nghiep\data\processed\full_forg\forgeries_16_8.png,0,skilled_forgery,16,16,3.8818565400843883,0.00217008797653959,Gia co ky nang
D:\GitHub\Do_an_tot_nghiep\data\processed\full_org\original_39_21.png,D:\GitHub\Do_an_tot_nghiep\data\processed\full_forg\forgeries_39_24.png,0,skilled_forgery,39,39,2.5084459459459456,0.009237536656891497,Gia co ky nang
D:\GitHub\Do_an_tot_nghiep\data\processed\full_org\original_24_13.png,D:\GitHub\Do_an_tot_nghiep\data\processed\full_forg\forgeries_24_24.png,0,skilled_forgery,24,24,0.7077575491701396,0.035014662756598244,Gia co ky nang
D:\GitHub\Do_an_tot_nghiep\data\processed\full_org\original_11_24.png,D:\GitHub\Do_an_tot_nghiep\data\processed\full_org\original_21_6.png,0,random_forgery,11,21,3.3324639670555936,0.08337243401759531,Gia ngau nhien
D:\GitHub\Do_an_tot_nghiep\data\processed\full_org\original_16_21.png,D:\GitHub\Do_an_tot_nghiep\data\processed\full_org\original_21_18.png,0,random_forgery,16,21,5.167362428842505,0.09105571847507331,Gia ngau nhien
D:\GitHub\Do_an_tot_nghiep\data\processed\full_org\original_21_22.png,D:\GitHub\Do_an_tot_nghiep\data\processed\full_org\original_11_2.png,0,random_forgery,21,11,4.943778801843318,0.08167155425219941,Gia ngau nhien
D:\GitHub\Do_an_tot_nghiep\data\processed\full_org\original_22_6.png,D:\GitHub\Do_an_tot_nghiep\data\processed\full_org\original_17_7.png,0,random_forgery,22,17,2.481203007518797,0.07495601173020527,Gia ngau nhien
D:\GitHub\Do_an_tot_nghiep\data\processed\full_org\original_38_7.png,D:\GitHub\Do_an_tot_nghiep\data\processed\full_org\original_21_21.png,0,random_forgery,38,21,1.9333333333333336,0.0958357771260997,Gia ngau nhien
D:\GitHub\Do_an_tot_nghiep\data\processed\full_org\original_47_7.png,D:\GitHub\Do_an_tot_nghiep\data\processed\full_org\original_21_15.png,0,random_forgery,47,21,0.6827586206896554,0.096158357771261,Gia ngau nhien
D:\GitHub\Do_an_tot_nghiep\data\processed\full_org\original_43_7.png,D:\GitHub\Do_an_tot_nghiep\data\processed\full_org\original_21_21.png,0,random_forgery,43,21,0.5741935483870967,0.07519061583577713,Gia ngau nhien
D:\GitHub\Do_an_tot_nghiep\data\processed\full_org\original_53_16.png,D:\GitHub\Do_an_tot_nghiep\data\processed\full_org\original_25_7.png,0,random_forgery,53,25,4.803921568627451,0.07818181818181819,Gia ngau nhien
D:\GitHub\Do_an_tot_nghiep\data\processed\full_org\original_29_16.png,D:\GitHub\Do_an_tot_nghiep\data\processed\full_org\original_22_6.png,0,random_forgery,29,22,2.412280701754386,0.09821114369501466,Gia ngau nhien
D:\GitHub\Do_an_tot_nghiep\data\processed\full_org\original_21_4.png,D:\GitHub\Do_an_tot_nghiep\data\processed\full_org\original_38_22.png,0,random_forgery,21,38,2.5543778801843313,0.07950146627565982,Gia ngau nhien
D:\GitHub\Do_an_tot_nghiep\data\processed\full_org\original_25_6.png,D:\GitHub\Do_an_tot_nghiep\data\processed\full_org\original_29_11.png,0,random_forgery,25,29,2.4586357039187225,0.07759530791788856,Gia ngau nhien
D:\GitHub\Do_an_tot_nghiep\data\processed\full_org\original_22_11.png,D:\GitHub\Do_an_tot_nghiep\data\processed\full_org\original_29_20.png,0,random_forgery,22,29,3.1865701119157337,0.07994134897360704,Gia ngau nhien
D:\GitHub\Do_an_tot_nghiep\data\processed\full_org\original_26_5.png,D:\GitHub\Do_an_tot_nghiep\data\processed\full_org\original_16_18.png,0,random_forgery,26,16,6.476529477196886,0.011818181818181818,Gia ngau nhien
D:\GitHub\Do_an_tot_nghiep\data\processed\full_org\original_16_23.png,D:\GitHub\Do_an_tot_nghiep\data\processed\full_org\original_22_16.png,0,random_forgery,16,22,4.872811059907834,0.08114369501466276,Gia ngau nhien
D:\GitHub\Do_an_tot_nghiep\data\processed\full_org\original_30_6.png,D:\GitHub\Do_an_tot_nghiep\data\processed\full_org\original_53_19.png,0,random_forgery,30,53,4.240519589356799,0.07592375366568914,Gia ngau nhien
D:\GitHub\Do_an_tot_nghiep\data\processed\full_org\original_18_23.png,D:\GitHub\Do_an_tot_nghiep\data\processed\full_org\original_22_7.png,0,random_forgery,18,22,4.171826625386997,0.08410557184750733,Gia ngau nhien
D:\GitHub\Do_an_tot_nghiep\data\processed\full_org\original_21_21.png,D:\GitHub\Do_an_tot_nghiep\data\processed\full_org\original_5_19.png,0,random_forgery,21,5,1.0065934065934066,0.092316715542522,Gia ngau nhien
D:\GitHub\Do_an_tot_nghiep\data\processed\full_org\original_16_15.png,D:\GitHub\Do_an_tot_nghiep\data\processed\full_org\original_7_22.png,0,random_forgery,16,7,6.495884315906563,0.000879765395894426,Gia ngau nhien
D:\GitHub\Do_an_tot_nghiep\data\processed\full_org\original_21_15.png,D:\GitHub\Do_an_tot_nghiep\data\processed\full_org\original_39_2.png,0,random_forgery,21,39,3.1636096845194426,0.10049853372434017,Gia ngau nhien
D:\GitHub\Do_an_tot_nghiep\data\processed\full_org\original_22_8.png,D:\GitHub\Do_an_tot_nghiep\data\processed\full_org\original_40_23.png,0,random_forgery,22,40,2.754259163655137,0.07791788856304985,Gia ngau nhien
D:\GitHub\Do_an_tot_nghiep\data\processed\full_org\original_22_24.png,D:\GitHub\Do_an_tot_nghiep\data\processed\full_org\original_10_8.png,0,random_forgery,22,10,0.5925925925925928,0.07700879765395896,Gia ngau nhien
D:\GitHub\Do_an_tot_nghiep\data\processed\full_org\original_47_14.png,D:\GitHub\Do_an_tot_nghiep\data\processed\full_org\original_21_6.png,0,random_forgery,47,21,0.6699615270790173,0.0792375366568915,Gia ngau nhien
D:\GitHub\Do_an_tot_nghiep\data\processed\full_org\original_22_10.png,D:\GitHub\Do_an_tot_nghiep\data\processed\full_org\original_46_19.png,0,random_forgery,22,46,0.1360407583402734,0.07422287390029325,Gia ngau nhien
D:\GitHub\Do_an_tot_nghiep\data\processed\full_org\original_47_13.png,D:\GitHub\Do_an_tot_nghiep\data\processed\full_org\original_22_16.png,0,random_forgery,47,22,0.6241338112305856,0.07604105571847507,Gia ngau nhien
D:\GitHub\Do_an_tot_nghiep\data\processed\full_org\original_21_9.png,D:\GitHub\Do_an_tot_nghiep\data\processed\full_org\original_29_19.png,0,random_forgery,21,29,3.0501240694789082,0.07967741935483871,Gia ngau nhien
D:\GitHub\Do_an_tot_nghiep\data\processed\full_org\original_24_13.png,D:\GitHub\Do_an_tot_nghiep\data\processed\full_org\original_16_15.png,0,random_forgery,24,16,6.025923208608462,0.04445747800586511,Gia ngau nhien
D:\GitHub\Do_an_tot_nghiep\data\processed\full_org\original_53_16.png,D:\GitHub\Do_an_tot_nghiep\data\processed\full_org\original_53_24.png,1,genuine_genuine,53,53,2.0705882352941174,0.00627565982404692,That
D:\GitHub\Do_an_tot_nghiep\data\processed\full_org\original_22_7.png,D:\GitHub\Do_an_tot_nghiep\data\processed\full_org\original_22_9.png,1,genuine_genuine,22,22,0.24675972083748743,0.024340175953079177,That
D:\GitHub\Do_an_tot_nghiep\data\processed\full_org\original_11_18.png,D:\GitHub\Do_an_tot_nghiep\data\processed\full_org\original_11_22.png,1,genuine_genuine,11,11,3.070707070707071,0.0017595307917888554,That
D:\GitHub\Do_an_tot_nghiep\data\processed\full_org\original_16_18.png,D:\GitHub\Do_an_tot_nghiep\data\processed\full_org\original_16_8.png,1,genuine_genuine,16,16,1.9708222811671092,0.003607038123167157,That
D:\GitHub\Do_an_tot_nghiep\data\processed\full_org\original_39_17.png,D:\GitHub\Do_an_tot_nghiep\data\processed\full_org\original_39_6.png,1,genuine_genuine,39,39,1.5727502102607236,0.014574780058651024,That
D:\GitHub\Do_an_tot_nghiep\data\processed\full_org\original_3_11.png,D:\GitHub\Do_an_tot_nghiep\data\processed\full_org\original_3_5.png,1,genuine_genuine,3,3,0.33598778226246306,0.021407624633431085,That
D:\GitHub\Do_an_tot_nghiep\data\processed\full_org\original_38_13.png,D:\GitHub\Do_an_tot_nghiep\data\processed\full_org\original_38_24.png,1,genuine_genuine,38,38,1.8961430726136608,0.008240469208211143,That
D:\GitHub\Do_an_tot_nghiep\data\processed\full_org\original_11_7.png,D:\GitHub\Do_an_tot_nghiep\data\processed\full_org\original_11_8.png,1,genuine_genuine,11,11,2.1768707482993204,0.0032551319648093865,That
D:\GitHub\Do_an_tot_nghiep\data\processed\full_org\original_17_11.png,D:\GitHub\Do_an_tot_nghiep\data\processed\full_org\original_17_15.png,1,genuine_genuine,17,17,1.5887605042016806,0.005102639296187685,That
D:\GitHub\Do_an_tot_nghiep\data\processed\full_org\original_53_10.png,D:\GitHub\Do_an_tot_nghiep\data\processed\full_org\original_53_21.png,1,genuine_genuine,53,53,1.3285024154589369,0.0,That
D:\GitHub\Do_an_tot_nghiep\data\processed\full_org\original_45_12.png,D:\GitHub\Do_an_tot_nghiep\data\processed\full_org\original_45_6.png,1,genuine_genuine,45,45,1.3848379629629628,0.0005278592375366556,That
D:\GitHub\Do_an_tot_nghiep\data\processed\full_org\original_16_3.png,D:\GitHub\Do_an_tot_nghiep\data\processed\full_org\original_16_5.png,1,genuine_genuine,16,16,1.550387596899225,0.0014662756598240456,That
D:\GitHub\Do_an_tot_nghiep\data\processed\full_org\original_40_15.png,D:\GitHub\Do_an_tot_nghiep\data\processed\full_org\original_40_9.png,1,genuine_genuine,40,40,1.2688060731538995,0.0008797653958944295,That
D:\GitHub\Do_an_tot_nghiep\data\processed\full_org\original_21_17.png,D:\GitHub\Do_an_tot_nghiep\data\processed\full_org\original_21_6.png,1,genuine_genuine,21,21,0.1806451612903226,0.028797653958944278,That
D:\GitHub\Do_an_tot_nghiep\data\processed\full_org\original_45_10.png,D:\GitHub\Do_an_tot_nghiep\data\processed\full_org\original_45_21.png,1,genuine_genuine,45,45,2.28397673188789,0.00187683284457478,That
D:\GitHub\Do_an_tot_nghiep\data\processed\full_org\original_51_15.png,D:\GitHub\Do_an_tot_nghiep\data\processed\full_org\original_51_24.png,1,genuine_genuine,51,51,1.293103448275862,0.01524926686217009,That
D:\GitHub\Do_an_tot_nghiep\data\processed\full_org\original_22_2.png,D:\GitHub\Do_an_tot_nghiep\data\processed\full_org\original_22_20.png,1,genuine_genuine,22,22,0.34392059553349874,0.017741935483870958,That
D:\GitHub\Do_an_tot_nghiep\data\processed\full_org\original_28_3.png,D:\GitHub\Do_an_tot_nghiep\data\processed\full_org\original_28_4.png,1,genuine_genuine,28,28,0.3895999356033166,0.020909090909090905,That
D:\GitHub\Do_an_tot_nghiep\data\processed\full_org\original_43_13.png,D:\GitHub\Do_an_tot_nghiep\data\processed\full_org\original_43_9.png,1,genuine_genuine,43,43,0.19999999999999996,0.03140762463343108,That
D:\GitHub\Do_an_tot_nghiep\data\processed\full_org\original_21_13.png,D:\GitHub\Do_an_tot_nghiep\data\processed\full_org\original_21_3.png,1,genuine_genuine,21,21,0.45917686318131246,0.02932551319648094,That
D:\GitHub\Do_an_tot_nghiep\data\processed\full_org\original_53_1.png,D:\GitHub\Do_an_tot_nghiep\data\processed\full_org\original_53_24.png,1,genuine_genuine,53,53,1.518918918918919,0.005249266862170088,That
D:\GitHub\Do_an_tot_nghiep\data\processed\full_org\original_17_11.png,D:\GitHub\Do_an_tot_nghiep\data\processed\full_org\original_17_17.png,1,genuine_genuine,17,17,1.5887605042016806,0.004750733137829914,That
D:\GitHub\Do_an_tot_nghiep\data\processed\full_org\original_16_12.png,D:\GitHub\Do_an_tot_nghiep\data\processed\full_org\original_16_19.png,1,genuine_genuine,16,16,2.2161172161172153,0.0020234604105571867,That
D:\GitHub\Do_an_tot_nghiep\data\processed\full_org\original_21_15.png,D:\GitHub\Do_an_tot_nghiep\data\processed\full_org\original_21_4.png,1,genuine_genuine,21,21,0.1430478309232479,0.03178885630498533,That
D:\GitHub\Do_an_tot_nghiep\data\processed\full_org\original_18_18.png,D:\GitHub\Do_an_tot_nghiep\data\processed\full_org\original_18_5.png,1,genuine_genuine,18,18,1.706896551724138,0.003607038123167157,That
D:\GitHub\Do_an_tot_nghiep\data\processed\full_org\original_24_16.png,D:\GitHub\Do_an_tot_nghiep\data\processed\full_org\original_24_5.png,1,genuine_genuine,24,24,0.4728709190194029,0.022434017595307915,That
D:\GitHub\Do_an_tot_nghiep\data\processed\full_org\original_25_13.png,D:\GitHub\Do_an_tot_nghiep\data\processed\full_org\original_25_5.png,1,genuine_genuine,25,25,0.08695652173913038,0.021876832844574784,That
D:\GitHub\Do_an_tot_nghiep\data\processed\full_org\original_45_11.png,D:\GitHub\Do_an_tot_nghiep\data\processed\full_org\original_45_20.png,1,genuine_genuine,45,45,1.5014367816091956,0.0040762463343108485,That
D:\GitHub\Do_an_tot_nghiep\data\processed\full_org\original_45_10.png,D:\GitHub\Do_an_tot_nghiep\data\processed\full_org\original_45_13.png,1,genuine_genuine,45,45,2.1099587375933977,0.008005865102639294,That
D:\GitHub\Do_an_tot_nghiep\data\processed\full_org\original_39_3.png,D:\GitHub\Do_an_tot_nghiep\data\processed\full_org\original_39_5.png,1,genuine_genuine,39,39,2.2857142857142856,0.001788856304985334,That
D:\GitHub\Do_an_tot_nghiep\data\processed\full_org\original_11_14.png,D:\GitHub\Do_an_tot_nghiep\data\processed\full_org\original_11_17.png,1,genuine_genuine,11,11,1.7316636851520575,0.0015835777126099702,That
D:\GitHub\Do_an_tot_nghiep\data\processed\full_org\original_3_5.png,D:\GitHub\Do_an_tot_nghiep\data\processed\full_org\original_3_9.png,1,genuine_genuine,3,3,0.13592233009708732,0.01888563049853372,That
D:\GitHub\Do_an_tot_nghiep\data\processed\full_org\original_53_16.png,D:\GitHub\Do_an_tot_nghiep\data\processed\full_org\original_53_9.png,1,genuine_genuine,53,53,1.3543091655266757,0.0008504398826979474,That
D:\GitHub\Do_an_tot_nghiep\data\processed\full_org\original_39_15.png,D:\GitHub\Do_an_tot_nghiep\data\processed\full_org\original_39_6.png,1,genuine_genuine,39,39,1.8737901664730936,0.0034310850439882717,That
D:\GitHub\Do_an_tot_nghiep\data\processed\full_org\original_45_11.png,D:\GitHub\Do_an_tot_nghiep\data\processed\full_org\original_45_4.png,1,genuine_genuine,45,45,1.9127615679339818,0.010645161290322579,That
D:\GitHub\Do_an_tot_nghiep\data\processed\full_org\original_4_13.png,D:\GitHub\Do_an_tot_nghiep\data\processed\full_org\original_4_22.png,1,genuine_genuine,4,4,1.349056603773585,0.005513196480938419,That
D:\GitHub\Do_an_tot_nghiep\data\processed\full_org\original_45_11.png,D:\GitHub\Do_an_tot_nghiep\data\processed\full_org\original_45_13.png,1,genuine_genuine,45,45,2.29650480882008,0.01228739002932551,That
D:\GitHub\Do_an_tot_nghiep\data\processed\full_org\original_21_15.png,D:\GitHub\Do_an_tot_nghiep\data\processed\full_org\original_21_24.png,1,genuine_genuine,21,21,0.33659621802002215,0.042228739002932544,That
D:\GitHub\Do_an_tot_nghiep\data\processed\full_org\original_21_11.png,D:\GitHub\Do_an_tot_nghiep\data\processed\full_org\original_21_4.png,1,genuine_genuine,21,21,0.12903225806451624,0.02302052785923754,That
D:\GitHub\Do_an_tot_nghiep\data\processed\full_org\original_39_15.png,D:\GitHub\Do_an_tot_nghiep\data\processed\full_org\original_39_9.png,1,genuine_genuine,39,39,1.3968253968253972,0.012580645161290323,That
D:\GitHub\Do_an_tot_nghiep\data\processed\full_org\original_21_17.png,D:\GitHub\Do_an_tot_nghiep\data\processed\full_org\original_21_3.png,1,genuine_genuine,21,21,0.3494994438264738,0.027419354838709678,That
D:\GitHub\Do_an_tot_nghiep\data\processed\full_org\original_24_18.png,D:\GitHub\Do_an_tot_nghiep\data\processed\full_org\original_24_24.png,1,genuine_genuine,24,24,0.2637362637362637,0.029941348973607035,That
D:\GitHub\Do_an_tot_nghiep\data\processed\full_org\original_11_15.png,D:\GitHub\Do_an_tot_nghiep\data\processed\full_org\original_11_16.png,1,genuine_genuine,11,11,3.418951003669329,0.007126099706744868,That
D:\GitHub\Do_an_tot_nghiep\data\processed\full_org\original_30_5.png,D:\GitHub\Do_an_tot_nghiep\data\processed\full_org\original_30_9.png,1,genuine_genuine,30,30,0.9633064516129031,0.022111436950146626,That
D:\GitHub\Do_an_tot_nghiep\data\processed\full_org\original_39_10.png,D:\GitHub\Do_an_tot_nghiep\data\processed\full_org\original_39_24.png,1,genuine_genuine,39,39,2.6774847870182557,0.008035190615835776,That
D:\GitHub\Do_an_tot_nghiep\data\processed\full_org\original_53_16.png,D:\GitHub\Do_an_tot_nghiep\data\processed\full_org\original_53_21.png,1,genuine_genuine,53,53,1.687979539641944,0.000909090909090908,That
D:\GitHub\Do_an_tot_nghiep\data\processed\full_org\original_45_23.png,D:\GitHub\Do_an_tot_nghiep\data\processed\full_org\original_45_24.png,1,genuine_genuine,45,45,1.293103448275862,0.0001759530791788852,That
D:\GitHub\Do_an_tot_nghiep\data\processed\full_org\original_22_23.png,D:\GitHub\Do_an_tot_nghiep\data\processed\full_org\original_22_24.png,1,genuine_genuine,22,22,0.3070489844683393,0.01868035190615837,That
D:\GitHub\Do_an_tot_nghiep\data\processed\full_org\original_24_19.png,D:\GitHub\Do_an_tot_nghiep\data\processed\full_org\original_24_2.png,1,genuine_genuine,24,24,0.523809523809524,0.024926686217008803,That
D:\GitHub\Do_an_tot_nghiep\data\processed\full_org\original_25_23.png,D:\GitHub\Do_an_tot_nghiep\data\processed\full_org\original_25_6.png,1,genuine_genuine,25,25,1.164835164835165,0.02780058651026393,That
D:\GitHub\Do_an_tot_nghiep\data\processed\full_org\original_18_11.png,D:\GitHub\Do_an_tot_nghiep\data\processed\full_org\original_18_7.png,1,genuine_genuine,18,18,1.4820512820512817,0.00750733137829912,That
D:\GitHub\Do_an_tot_nghiep\data\processed\full_org\original_21_2.png,D:\GitHub\Do_an_tot_nghiep\data\processed\full_org\original_21_6.png,1,genuine_genuine,21,21,0.019354838709677358,0.02284457478005865,That
D:\GitHub\Do_an_tot_nghiep\data\processed\full_org\original_11_12.png,D:\GitHub\Do_an_tot_nghiep\data\processed\full_org\original_11_19.png,1,genuine_genuine,11,11,1.4102564102564106,0.006070381231671553,That
D:\GitHub\Do_an_tot_nghiep\data\processed\full_org\original_45_15.png,D:\GitHub\Do_an_tot_nghiep\data\processed\full_org\original_45_21.png,1,genuine_genuine,45,45,2.537068477645727,0.0008211143695014654,That
D:\GitHub\Do_an_tot_nghiep\data\processed\full_org\original_21_2.png,D:\GitHub\Do_an_tot_nghiep\data\processed\full_org\original_21_22.png,1,genuine_genuine,21,21,0.02580645161290307,0.020263929618768328,That
D:\GitHub\Do_an_tot_nghiep\data\processed\full_org\original_11_17.png,D:\GitHub\Do_an_tot_nghiep\data\processed\full_org\original_11_18.png,1,genuine_genuine,11,11,1.5664335664335665,0.0017302052785923734,That
D:\GitHub\Do_an_tot_nghiep\data\processed\full_org\original_16_1.png,D:\GitHub\Do_an_tot_nghiep\data\processed\full_org\original_16_11.png,1,genuine_genuine,16,16,1.2222222222222214,0.00014662756598240664,That
D:\GitHub\Do_an_tot_nghiep\data\processed\full_org\original_12_13.png,D:\GitHub\Do_an_tot_nghiep\data\processed\full_org\original_12_22.png,1,genuine_genuine,12,12,0.0,0.023577712609970672,That
D:\GitHub\Do_an_tot_nghiep\data\processed\full_org\original_11_15.png,D:\GitHub\Do_an_tot_nghiep\data\processed\full_org\original_11_23.png,1,genuine_genuine,11,11,1.912746467939761,0.006041055718475075,That
D:\GitHub\Do_an_tot_nghiep\data\processed\full_org\original_10_12.png,D:\GitHub\Do_an_tot_nghiep\data\processed\full_org\original_10_15.png,1,genuine_genuine,10,10,0.520610687022901,0.02005865102639296,That
D:\GitHub\Do_an_tot_nghiep\data\processed\full_org\original_53_17.png,D:\GitHub\Do_an_tot_nghiep\data\processed\full_org\original_53_24.png,1,genuine_genuine,53,53,1.3894736842105262,0.007683284457478005,That
D:\GitHub\Do_an_tot_nghiep\data\processed\full_org\original_16_15.png,D:\GitHub\Do_an_tot_nghiep\data\processed\full_org\original_16_16.png,1,genuine_genuine,16,16,1.3004926108374386,0.0006158357771261017,That
D:\GitHub\Do_an_tot_nghiep\data\processed\full_org\original_39_18.png,D:\GitHub\Do_an_tot_nghiep\data\processed\full_org\original_39_21.png,1,genuine_genuine,39,39,1.3626126126126126,0.005425219941348973,That
D:\GitHub\Do_an_tot_nghiep\data\processed\full_org\original_53_11.png,D:\GitHub\Do_an_tot_nghiep\data\processed\full_org\original_53_14.png,1,genuine_genuine,53,53,2.561274509803922,0.0005865102639296196,That
D:\GitHub\Do_an_tot_nghiep\data\processed\full_org\original_4_2.png,D:\GitHub\Do_an_tot_nghiep\data\processed\full_org\original_4_23.png,1,genuine_genuine,4,4,1.2149102623101706,0.0050146627565982455,That
D:\GitHub\Do_an_tot_nghiep\data\processed\full_org\original_19_1.png,D:\GitHub\Do_an_tot_nghiep\data\processed\full_org\original_19_7.png,1,genuine_genuine,19,19,0.23225806451612896,0.01970674486803519,That
D:\GitHub\Do_an_tot_nghiep\data\processed\full_org\original_16_16.png,D:\GitHub\Do_an_tot_nghiep\data\processed\full_org\original_16_2.png,1,genuine_genuine,16,16,1.3968253968253963,0.000997067448680354,That
D:\GitHub\Do_an_tot_nghiep\data\processed\full_org\original_3_17.png,D:\GitHub\Do_an_tot_nghiep\data\processed\full_org\original_3_9.png,1,genuine_genuine,3,3,0.3076923076923077,0.018445747800586505,That
D:\GitHub\Do_an_tot_nghiep\data\processed\full_org\original_16_4.png,D:\GitHub\Do_an_tot_nghiep\data\processed\full_org\original_16_9.png,1,genuine_genuine,16,16,1.1694352159468435,0.003284457478005865,That
D:\GitHub\Do_an_tot_nghiep\data\processed\full_org\original_18_17.png,D:\GitHub\Do_an_tot_nghiep\data\processed\full_org\original_18_6.png,1,genuine_genuine,18,18,1.4757481940144483,0.0007331378299120228,That
D:\GitHub\Do_an_tot_nghiep\data\processed\full_org\original_21_16.png,D:\GitHub\Do_an_tot_nghiep\data\processed\full_org\original_21_9.png,1,genuine_genuine,21,21,0.24516129032258072,0.020234604105571846,That
D:\GitHub\Do_an_tot_nghiep\data\processed\full_org\original_43_18.png,D:\GitHub\Do_an_tot_nghiep\data\processed\full_org\original_43_9.png,1,genuine_genuine,43,43,0.19999999999999996,0.03164222873900294,That
D:\GitHub\Do_an_tot_nghiep\data\processed\full_org\original_11_19.png,D:\GitHub\Do_an_tot_nghiep\data\processed\full_org\original_11_5.png,1,genuine_genuine,11,11,1.2692307692307692,0.005571847507331376,That
D:\GitHub\Do_an_tot_nghiep\data\processed\full_org\original_21_21.png,D:\GitHub\Do_an_tot_nghiep\data\processed\full_org\original_21_7.png,1,genuine_genuine,21,21,0.34838709677419355,0.042228739002932544,That
D:\GitHub\Do_an_tot_nghiep\data\processed\full_org\original_10_10.png,D:\GitHub\Do_an_tot_nghiep\data\processed\full_org\original_10_18.png,1,genuine_genuine,10,10,0.2267322023148881,0.020351906158357774,That
D:\GitHub\Do_an_tot_nghiep\data\processed\full_org\original_11_15.png,D:\GitHub\Do_an_tot_nghiep\data\processed\full_org\original_11_2.png,1,genuine_genuine,11,11,4.3388116308470295,0.010234604105571848,That
D:\GitHub\Do_an_tot_nghiep\data\processed\full_org\original_10_12.png,D:\GitHub\Do_an_tot_nghiep\data\processed\full_org\original_10_3.png,1,genuine_genuine,10,10,0.0,0.01782991202346041,That
D:\GitHub\Do_an_tot_nghiep\data\processed\full_org\original_53_20.png,D:\GitHub\Do_an_tot_nghiep\data\processed\full_org\original_53_24.png,1,genuine_genuine,53,53,1.3894736842105262,0.007595307917888563,That
D:\GitHub\Do_an_tot_nghiep\data\processed\full_org\original_22_14.png,D:\GitHub\Do_an_tot_nghiep\data\processed\full_org\original_22_2.png,1,genuine_genuine,22,22,0.3955334987593051,0.018387096774193548,That
D:\GitHub\Do_an_tot_nghiep\data\processed\full_org\original_36_22.png,D:\GitHub\Do_an_tot_nghiep\data\processed\full_org\original_36_24.png,1,genuine_genuine,36,36,0.8250620347394542,0.02178885630498533,That
D:\GitHub\Do_an_tot_nghiep\data\processed\full_org\original_16_19.png,D:\GitHub\Do_an_tot_nghiep\data\processed\full_org\original_16_5.png,1,genuine_genuine,16,16,2.7408637873754147,0.00023460410557184924,That
D:\GitHub\Do_an_tot_nghiep\data\processed\full_org\original_45_10.png,D:\GitHub\Do_an_tot_nghiep\data\processed\full_org\original_45_18.png,1,genuine_genuine,45,45,2.099708061980687,0.0027272727272727275,That
D:\GitHub\Do_an_tot_nghiep\data\processed\full_org\original_22_13.png,D:\GitHub\Do_an_tot_nghiep\data\processed\full_org\original_22_14.png,1,genuine_genuine,22,22,0.12530372852953486,0.02510263929618768,That
D:\GitHub\Do_an_tot_nghiep\data\processed\full_org\original_40_14.png,D:\GitHub\Do_an_tot_nghiep\data\processed\full_org\original_40_9.png,1,genuine_genuine,40,40,1.2905452035886817,0.004457478005865101,That
D:\GitHub\Do_an_tot_nghiep\data\processed\full_org\original_18_11.png,D:\GitHub\Do_an_tot_nghiep\data\processed\full_org\original_18_8.png,1,genuine_genuine,18,18,2.256410256410257,0.006950146627565983,That
D:\GitHub\Do_an_tot_nghiep\data\processed\full_org\original_45_11.png,D:\GitHub\Do_an_tot_nghiep\data\processed\full_org\original_45_22.png,1,genuine_genuine,45,45,2.1754563894523327,0.013870967741935483,That
D:\GitHub\Do_an_tot_nghiep\data\processed\full_org\original_22_15.png,D:\GitHub\Do_an_tot_nghiep\data\processed\full_org\original_22_6.png,1,genuine_genuine,22,22,0.13769100169779303,0.023079178885630505,That
D:\GitHub\Do_an_tot_nghiep\data\processed\full_org\original_22_6.png,D:\GitHub\Do_an_tot_nghiep\data\processed\full_org\original_22_8.png,1,genuine_genuine,22,22,0.029141646061462412,0.018826979472140765,That
D:\GitHub\Do_an_tot_nghiep\data\processed\full_org\original_21_12.png,D:\GitHub\Do_an_tot_nghiep\data\processed\full_org\original_21_15.png,1,genuine_genuine,21,21,0.2269187986651835,0.04592375366568914,That
D:\GitHub\Do_an_tot_nghiep\data\processed\full_org\original_25_20.png,D:\GitHub\Do_an_tot_nghiep\data\processed\full_org\original_25_9.png,1,genuine_genuine,25,25,0.7129629629629628,0.02228739002932552,That
D:\GitHub\Do_an_tot_nghiep\data\processed\full_org\original_18_5.png,D:\GitHub\Do_an_tot_nghiep\data\processed\full_org\original_18_9.png,1,genuine_genuine,18,18,1.4259259259259256,0.0024926686217008817,That
D:\GitHub\Do_an_tot_nghiep\data\processed\full_org\original_22_6.png,D:\GitHub\Do_an_tot_nghiep\data\processed\full_org\original_22_9.png,1,genuine_genuine,22,22,0.41703835860838523,0.036422287390029326,That
D:\GitHub\Do_an_tot_nghiep\data\processed\full_org\original_11_23.png,D:\GitHub\Do_an_tot_nghiep\data\processed\full_org\original_11_6.png,1,genuine_genuine,11,11,1.5192235908921239,0.002727272727272731,That
D:\GitHub\Do_an_tot_nghiep\data\processed\full_org\original_18_11.png,D:\GitHub\Do_an_tot_nghiep\data\processed\full_org\original_18_4.png,1,genuine_genuine,18,18,1.7316636851520575,0.008269794721407625,That
D:\GitHub\Do_an_tot_nghiep\data\processed\full_org\original_36_15.png,D:\GitHub\Do_an_tot_nghiep\data\processed\full_org\original_36_5.png,1,genuine_genuine,36,36,1.1444652908067543,0.02580645161290323,That
D:\GitHub\Do_an_tot_nghiep\data\processed\full_org\original_10_10.png,D:\GitHub\Do_an_tot_nghiep\data\processed\full_org\original_10_9.png,1,genuine_genuine,10,10,0.24649859943977592,0.020909090909090912,That
D:\GitHub\Do_an_tot_nghiep\data\processed\full_org\original_25_11.png,D:\GitHub\Do_an_tot_nghiep\data\processed\full_org\original_25_12.png,1,genuine_genuine,25,25,0.5146198830409359,0.019648093841642233,That
D:\GitHub\Do_an_tot_nghiep\data\processed\full_org\original_28_16.png,D:\GitHub\Do_an_tot_nghiep\data\processed\full_org\original_28_24.png,1,genuine_genuine,28,28,0.5579710144927537,0.022082111436950144,That
D:\GitHub\Do_an_tot_nghiep\data\processed\full_org\original_25_18.png,D:\GitHub\Do_an_tot_nghiep\data\processed\full_org\original_25_9.png,1,genuine_genuine,25,25,0.30338849487785646,0.023167155425219937,That
D:\GitHub\Do_an_tot_nghiep\data\processed\full_org\original_53_13.png,D:\GitHub\Do_an_tot_nghiep\data\processed\full_org\original_53_7.png,1,genuine_genuine,53,53,1.166666666666667,0.001436950146627567,That
D:\GitHub\Do_an_tot_nghiep\data\processed\full_org\original_16_15.png,D:\GitHub\Do_an_tot_nghiep\data\processed\full_org\original_16_8.png,1,genuine_genuine,16,16,1.9708222811671092,0.001436950146627567,That
D:\GitHub\Do_an_tot_nghiep\data\processed\full_org\original_22_17.png,D:\GitHub\Do_an_tot_nghiep\data\processed\full_org\original_22_24.png,1,genuine_genuine,22,22,0.0693459416863671,0.03167155425219942,That
D:\GitHub\Do_an_tot_nghiep\data\processed\full_org\original_24_21.png,D:\GitHub\Do_an_tot_nghiep\data\processed\full_org\original_24_5.png,1,genuine_genuine,24,24,0.7233729485002829,0.018563049853372426,That
D:\GitHub\Do_an_tot_nghiep\data\processed\full_org\original_16_10.png,D:\GitHub\Do_an_tot_nghiep\data\processed\full_org\original_16_15.png,1,genuine_genuine,16,16,1.4750957854406135,0.0050733137829912026,That
D:\GitHub\Do_an_tot_nghiep\data\processed\full_org\original_12_13.png,D:\GitHub\Do_an_tot_nghiep\data\processed\full_org\original_12_19.png,1,genuine_genuine,12,12,0.01180764276513524,0.023841642228738996,That
D:\GitHub\Do_an_tot_nghiep\data\processed\full_org\original_36_17.png,D:\GitHub\Do_an_tot_nghiep\data\processed\full_org\original_36_19.png,1,genuine_genuine,36,36,0.664578205415082,0.02217008797653959,That
D:\GitHub\Do_an_tot_nghiep\data\processed\full_org\original_28_24.png,D:\GitHub\Do_an_tot_nghiep\data\processed\full_org\original_28_6.png,1,genuine_genuine,28,28,0.21308652604390854,0.019325513196480938,That
D:\GitHub\Do_an_tot_nghiep\data\processed\full_org\original_25_12.png,D:\GitHub\Do_an_tot_nghiep\data\processed\full_org\original_25_7.png,1,genuine_genuine,25,25,0.26315789473684204,0.024076246334310852,That
D:\GitHub\Do_an_tot_nghiep\data\processed\full_org\original_12_13.png,D:\GitHub\Do_an_tot_nghiep\data\processed\full_org\original_12_17.png,1,genuine_genuine,12,12,0.28861480075901325,0.019618768328445745,That
D:\GitHub\Do_an_tot_nghiep\data\processed\full_org\original_51_2.png,D:\GitHub\Do_an_tot_nghiep\data\processed\full_org\original_51_21.png,1,genuine_genuine,51,51,1.3309134906231095,0.00656891495601173,That
D:\GitHub\Do_an_tot_nghiep\data\processed\full_org\original_45_14.png,D:\GitHub\Do_an_tot_nghiep\data\processed\full_org\original_45_7.png,1,genuine_genuine,45,45,2.0948469006721435,0.0016715542521994128,That
D:\GitHub\Do_an_tot_nghiep\data\processed\full_org\original_45_1.png,D:\GitHub\Do_an_tot_nghiep\data\processed\full_org\original_45_6.png,1,genuine_genuine,45,45,1.5113500597371563,0.0046041055718475075,That
D:\GitHub\Do_an_tot_nghiep\data\processed\full_org\original_43_14.png,D:\GitHub\Do_an_tot_nghiep\data\processed\full_org\original_43_18.png,1,genuine_genuine,43,43,0.16774193548387084,0.020733137829912027,That
D:\GitHub\Do_an_tot_nghiep\data\processed\full_org\original_22_20.png,D:\GitHub\Do_an_tot_nghiep\data\processed\full_org\original_22_5.png,1,genuine_genuine,22,22,0.2118965911690689,0.031173020527859238,That
D:\GitHub\Do_an_tot_nghiep\data\processed\full_org\original_51_24.png,D:\GitHub\Do_an_tot_nghiep\data\processed\full_org\original_51_5.png,1,genuine_genuine,51,51,1.293103448275862,0.009824046920821117,That
D:\GitHub\Do_an_tot_nghiep\data\processed\full_org\original_24_21.png,D:\GitHub\Do_an_tot_nghiep\data\processed\full_org\original_24_24.png,1,genuine_genuine,24,24,0.2221198156682027,0.021788856304985338,That
D:\GitHub\Do_an_tot_nghiep\data\processed\full_org\original_16_24.png,D:\GitHub\Do_an_tot_nghiep\data\processed\full_org\original_16_9.png,1,genuine_genuine,16,16,1.980495123780945,0.0032258064516129045,That
D:\GitHub\Do_an_tot_nghiep\data\processed\full_org\original_16_15.png,D:\GitHub\Do_an_tot_nghiep\data\processed\full_org\original_16_6.png,1,genuine_genuine,16,16,1.7967332123411976,0.0036070381231671535,That
D:\GitHub\Do_an_tot_nghiep\data\processed\full_org\original_45_10.png,D:\GitHub\Do_an_tot_nghiep\data\processed\full_org\original_45_20.png,1,genuine_genuine,45,45,1.3148907103825138,0.00020527859237536722,That
D:\GitHub\Do_an_tot_nghiep\data\processed\full_org\original_11_1.png,D:\GitHub\Do_an_tot_nghiep\data\processed\full_org\original_11_19.png,1,genuine_genuine,11,11,1.7151767151767148,0.008035190615835776,That
D:\GitHub\Do_an_tot_nghiep\data\processed\full_org\original_25_5.png,D:\GitHub\Do_an_tot_nghiep\data\processed\full_org\original_25_6.png,1,genuine_genuine,25,25,0.3076923076923077,0.023636363636363636,That
D:\GitHub\Do_an_tot_nghiep\data\processed\full_org\original_11_15.png,D:\GitHub\Do_an_tot_nghiep\data\processed\full_org\original_11_20.png,1,genuine_genuine,11,11,2.453097345132744,0.004516129032258065,That
D:\GitHub\Do_an_tot_nghiep\data\processed\full_org\original_25_12.png,D:\GitHub\Do_an_tot_nghiep\data\processed\full_org\original_25_9.png,1,genuine_genuine,25,25,0.10721247563352843,0.018152492668621706,That
D:\GitHub\Do_an_tot_nghiep\data\processed\full_org\original_3_5.png,D:\GitHub\Do_an_tot_nghiep\data\processed\full_org\original_3_8.png,1,genuine_genuine,3,3,0.0205377147124719,0.019208211143695014,That
D:\GitHub\Do_an_tot_nghiep\data\processed\full_org\original_43_13.png,D:\GitHub\Do_an_tot_nghiep\data\processed\full_org\original_43_8.png,1,genuine_genuine,43,43,0.1548387096774193,0.01979472140762463,That
D:\GitHub\Do_an_tot_nghiep\data\processed\full_org\original_51_10.png,D:\GitHub\Do_an_tot_nghiep\data\processed\full_org\original_51_24.png,1,genuine_genuine,51,51,1.3596491228070176,0.017565982404692086,That
D:\GitHub\Do_an_tot_nghiep\data\processed\full_org\original_22_1.png,D:\GitHub\Do_an_tot_nghiep\data\processed\full_org\original_22_15.png,1,genuine_genuine,22,22,0.2617511520737328,0.017712609970674476,That
D:\GitHub\Do_an_tot_nghiep\data\processed\full_org\original_10_12.png,D:\GitHub\Do_an_tot_nghiep\data\processed\full_org\original_10_21.png,1,genuine_genuine,10,10,0.6610362189377945,0.02756598240469208,That
D:\GitHub\Do_an_tot_nghiep\data\processed\full_org\original_51_1.png,D:\GitHub\Do_an_tot_nghiep\data\processed\full_org\original_51_21.png,1,genuine_genuine,51,51,1.2000779271381257,0.0003519061583577704,That
D:\GitHub\Do_an_tot_nghiep\data\processed\full_org\original_16_19.png,D:\GitHub\Do_an_tot_nghiep\data\processed\full_org\original_16_3.png,1,genuine_genuine,16,16,1.1904761904761898,0.0017008797653958949,That
D:\GitHub\Do_an_tot_nghiep\data\processed\full_org\original_53_11.png,D:\GitHub\Do_an_tot_nghiep\data\processed\full_org\original_53_13.png,1,genuine_genuine,53,53,1.375,0.0024046920821114356,That
D:\GitHub\Do_an_tot_nghiep\data\processed\full_org\original_43_12.png,D:\GitHub\Do_an_tot_nghiep\data\processed\full_org\original_43_22.png,1,genuine_genuine,43,43,0.07741935483870965,0.018563049853372426,That
D:\GitHub\Do_an_tot_nghiep\data\processed\full_org\original_17_11.png,D:\GitHub\Do_an_tot_nghiep\data\processed\full_org\original_17_14.png,1,genuine_genuine,17,17,1.757817881250861,0.009560117302052785,That
D:\GitHub\Do_an_tot_nghiep\data\processed\full_org\original_17_11.png,D:\GitHub\Do_an_tot_nghiep\data\processed\full_org\original_17_12.png,1,genuine_genuine,17,17,1.206816059757236,0.0016715542521994128,That
D:\GitHub\Do_an_tot_nghiep\data\processed\full_org\original_22_10.png,D:\GitHub\Do_an_tot_nghiep\data\processed\full_org\original_22_17.png,1,genuine_genuine,22,22,0.09048503022514165,0.024428152492668623,That
D:\GitHub\Do_an_tot_nghiep\data\processed\full_org\original_17_11.png,D:\GitHub\Do_an_tot_nghiep\data\processed\full_org\original_17_13.png,1,genuine_genuine,17,17,1.8800740635237143,0.005689149560117304,That
D:\GitHub\Do_an_tot_nghiep\data\processed\full_org\original_24_20.png,D:\GitHub\Do_an_tot_nghiep\data\processed\full_org\original_24_7.png,1,genuine_genuine,24,24,0.4108309990662933,0.020615835777126106,That
D:\GitHub\Do_an_tot_nghiep\data\processed\full_org\original_30_1.png,D:\GitHub\Do_an_tot_nghiep\data\processed\full_org\original_30_9.png,1,genuine_genuine,30,30,0.014193548387096744,0.01891495601173021,That
D:\GitHub\Do_an_tot_nghiep\data\processed\full_org\original_16_12.png,D:\GitHub\Do_an_tot_nghiep\data\processed\full_org\original_16_24.png,1,genuine_genuine,16,16,1.4557485525227456,0.0012023460410557213,That
D:\GitHub\Do_an_tot_nghiep\data\processed\full_org\original_45_1.png,D:\GitHub\Do_an_tot_nghiep\data\processed\full_org\original_45_4.png,1,genuine_genuine,45,45,1.6680452164323132,0.001847507331378298,That
D:\GitHub\Do_an_tot_nghiep\data\processed\full_org\original_16_24.png,D:\GitHub\Do_an_tot_nghiep\data\processed\full_org\original_16_8.png,1,genuine_genuine,16,16,1.481389578163772,0.0029618768328445733,That
D:\GitHub\Do_an_tot_nghiep\data\processed\full_org\original_11_1.png,D:\GitHub\Do_an_tot_nghiep\data\processed\full_org\original_11_8.png,1,genuine_genuine,11,11,1.456150027578599,0.005542521994134901,That
D:\GitHub\Do_an_tot_nghiep\data\processed\full_org\original_36_12.png,D:\GitHub\Do_an_tot_nghiep\data\processed\full_org\original_36_5.png,1,genuine_genuine,36,36,0.7009448472863109,0.01888563049853372,That
D:\GitHub\Do_an_tot_nghiep\data\processed\full_org\original_43_13.png,D:\GitHub\Do_an_tot_nghiep\data\processed\full_org\original_43_14.png,1,genuine_genuine,43,43,0.16774193548387084,0.02049853372434017,That
D:\GitHub\Do_an_tot_nghiep\data\processed\full_org\original_43_1.png,D:\GitHub\Do_an_tot_nghiep\data\processed\full_org\original_43_11.png,1,genuine_genuine,43,43,0.31612903225806455,0.02205278592375367,That
D:\GitHub\Do_an_tot_nghiep\data\processed\full_org\original_38_13.png,D:\GitHub\Do_an_tot_nghiep\data\processed\full_org\original_38_9.png,1,genuine_genuine,38,38,1.9481340923466157,0.004662756598240468,That
D:\GitHub\Do_an_tot_nghiep\data\processed\full_org\original_18_17.png,D:\GitHub\Do_an_tot_nghiep\data\processed\full_org\original_18_21.png,1,genuine_genuine,18,18,1.5587044534412957,5.8651026392957106e-05,That
D:\GitHub\Do_an_tot_nghiep\data\processed\full_org\original_11_10.png,D:\GitHub\Do_an_tot_nghiep\data\processed\full_org\original_11_17.png,1,genuine_genuine,11,11,1.1778846153846154,2.9325513196482023e-05,That
D:\GitHub\Do_an_tot_nghiep\data\processed\full_org\original_11_17.png,D:\GitHub\Do_an_tot_nghiep\data\processed\full_org\original_11_2.png,1,genuine_genuine,11,11,2.901098901098901,0.0034897360703812323,That
D:\GitHub\Do_an_tot_nghiep\data\processed\full_org\original_43_1.png,D:\GitHub\Do_an_tot_nghiep\data\processed\full_org\original_43_3.png,1,genuine_genuine,43,43,0.2451612903225806,0.026656891495601173,That
D:\GitHub\Do_an_tot_nghiep\data\processed\full_org\original_22_16.png,D:\GitHub\Do_an_tot_nghiep\data\processed\full_org\original_22_22.png,1,genuine_genuine,22,22,0.16983058714318866,0.017741935483870958,That
D:\GitHub\Do_an_tot_nghiep\data\processed\full_org\original_36_16.png,D:\GitHub\Do_an_tot_nghiep\data\processed\full_org\original_36_19.png,1,genuine_genuine,36,36,0.9087332808811961,0.022404692082111433,That
D:\GitHub\Do_an_tot_nghiep\data\processed\full_org\original_45_15.png,D:\GitHub\Do_an_tot_nghiep\data\processed\full_org\original_45_7.png,1,genuine_genuine,45,45,1.7237267927099302,0.0050146627565982385,That
D:\GitHub\Do_an_tot_nghiep\data\processed\full_org\original_53_11.png,D:\GitHub\Do_an_tot_nghiep\data\processed\full_org\original_53_2.png,1,genuine_genuine,53,53,1.758720930232558,0.0036070381231671535,That
D:\GitHub\Do_an_tot_nghiep\data\processed\full_org\original_39_10.png,D:\GitHub\Do_an_tot_nghiep\data\processed\full_org\original_39_14.png,1,genuine_genuine,39,39,2.5420168067226894,0.0007917888563049869,That
D:\GitHub\Do_an_tot_nghiep\data\processed\full_org\original_16_19.png,D:\GitHub\Do_an_tot_nghiep\data\processed\full_org\original_16_8.png,1,genuine_genuine,16,16,2.241758241758242,0.002140762463343108,That
D:\GitHub\Do_an_tot_nghiep\data\processed\full_org\original_16_20.png,D:\GitHub\Do_an_tot_nghiep\data\processed\full_org\original_16_4.png,1,genuine_genuine,16,16,1.8624338624338632,0.0015542521994134882,That
D:\GitHub\Do_an_tot_nghiep\data\processed\full_org\original_21_17.png,D:\GitHub\Do_an_tot_nghiep\data\processed\full_org\original_21_22.png,1,genuine_genuine,21,21,0.17419354838709689,0.026217008797653957,That
D:\GitHub\Do_an_tot_nghiep\data\processed\full_org\original_10_12.png,D:\GitHub\Do_an_tot_nghiep\data\processed\full_org\original_10_9.png,1,genuine_genuine,10,10,0.4158487822609962,0.024926686217008796,That
D:\GitHub\Do_an_tot_nghiep\data\processed\full_org\original_16_2.png,D:\GitHub\Do_an_tot_nghiep\data\processed\full_org\original_16_20.png,1,genuine_genuine,16,16,3.2592592592592595,0.000469208211143695,That
D:\GitHub\Do_an_tot_nghiep\data\processed\full_org\original_55_2.png,D:\GitHub\Do_an_tot_nghiep\data\processed\full_org\original_55_9.png,1,genuine_genuine,55,55,1.3934426229508197,0.00434017595307918,That
D:\GitHub\Do_an_tot_nghiep\data\processed\full_org\original_53_14.png,D:\GitHub\Do_an_tot_nghiep\data\processed\full_org\original_53_6.png,1,genuine_genuine,53,53,1.4757481940144483,0.0015249266862170097,That
D:\GitHub\Do_an_tot_nghiep\data\processed\full_org\original_10_12.png,D:\GitHub\Do_an_tot_nghiep\data\processed\full_org\original_10_19.png,1,genuine_genuine,10,10,0.5655086462065742,0.030762463343108504,That
D:\GitHub\Do_an_tot_nghiep\data\processed\full_org\original_21_15.png,D:\GitHub\Do_an_tot_nghiep\data\processed\full_org\original_21_5.png,1,genuine_genuine,21,21,0.010536398467432928,0.0470674486803519,That
D:\GitHub\Do_an_tot_nghiep\data\processed\full_org\original_36_24.png,D:\GitHub\Do_an_tot_nghiep\data\processed\full_org\original_36_5.png,1,genuine_genuine,36,36,1.3926042486231316,0.03237536656891495,That
D:\GitHub\Do_an_tot_nghiep\data\processed\full_org\original_43_12.png,D:\GitHub\Do_an_tot_nghiep\data\processed\full_org\original_43_23.png,1,genuine_genuine,43,43,0.02580645161290329,0.020087976539589436,That
D:\GitHub\Do_an_tot_nghiep\data\processed\full_org\original_21_15.png,D:\GitHub\Do_an_tot_nghiep\data\processed\full_org\original_21_3.png,1,genuine_genuine,21,21,0.0,0.027214076246334304,That
D:\GitHub\Do_an_tot_nghiep\data\processed\full_org\original_45_15.png,D:\GitHub\Do_an_tot_nghiep\data\processed\full_org\original_45_5.png,1,genuine_genuine,45,45,1.8413004989538067,0.0081524926686217,That
D:\GitHub\Do_an_tot_nghiep\data\processed\full_org\original_43_10.png,D:\GitHub\Do_an_tot_nghiep\data\processed\full_org\original_43_13.png,1,genuine_genuine,43,43,0.19999999999999996,0.026774193548387094,That
D:\GitHub\Do_an_tot_nghiep\data\processed\full_org\original_22_16.png,D:\GitHub\Do_an_tot_nghiep\data\processed\full_org\original_22_3.png,1,genuine_genuine,22,22,0.3903754627181386,0.01794721407624633,That
D:\GitHub\Do_an_tot_nghiep\data\processed\full_org\original_45_15.png,D:\GitHub\Do_an_tot_nghiep\data\processed\full_org\original_45_4.png,1,genuine_genuine,45,45,1.9793072424651372,0.009061583577712608,That
D:\GitHub\Do_an_tot_nghiep\data\processed\full_org\original_45_16.png,D:\GitHub\Do_an_tot_nghiep\data\processed\full_org\original_45_9.png,1,genuine_genuine,45,45,1.2450183325362667,0.00498533724340176,That
D:\GitHub\Do_an_tot_nghiep\data\processed\full_org\original_11_4.png,D:\GitHub\Do_an_tot_nghiep\data\processed\full_org\original_11_6.png,1,genuine_genuine,11,11,4.534574468085106,0.004516129032258068,That
D:\GitHub\Do_an_tot_nghiep\data\processed\full_org\original_16_13.png,D:\GitHub\Do_an_tot_nghiep\data\processed\full_org\original_16_23.png,1,genuine_genuine,16,16,1.5714285714285712,5.8651026392964045e-05,That
D:\GitHub\Do_an_tot_nghiep\data\processed\full_org\original_43_2.png,D:\GitHub\Do_an_tot_nghiep\data\processed\full_org\original_43_9.png,1,genuine_genuine,43,43,0.25161290322580654,0.02111436950146628,That
D:\GitHub\Do_an_tot_nghiep\data\processed\full_org\original_45_11.png,D:\GitHub\Do_an_tot_nghiep\data\processed\full_org\original_45_5.png,1,genuine_genuine,45,45,1.7747548244226512,0.00973607038123167,That
D:\GitHub\Do_an_tot_nghiep\data\processed\full_org\original_39_19.png,D:\GitHub\Do_an_tot_nghiep\data\processed\full_org\original_39_7.png,1,genuine_genuine,39,39,1.6315378610460578,0.00035190615835777733,That
D:\GitHub\Do_an_tot_nghiep\data\processed\full_org\original_55_23.png,D:\GitHub\Do_an_tot_nghiep\data\processed\full_org\original_55_6.png,1,genuine_genuine,55,55,1.9963702359346644,0.00780058651026393,That
D:\GitHub\Do_an_tot_nghiep\data\processed\full_org\original_11_11.png,D:\GitHub\Do_an_tot_nghiep\data\processed\full_org\original_11_23.png,1,genuine_genuine,11,11,2.426065162907268,0.004809384164222875,That
D:\GitHub\Do_an_tot_nghiep\data\processed\full_org\original_36_19.png,D:\GitHub\Do_an_tot_nghiep\data\processed\full_org\original_36_21.png,1,genuine_genuine,36,36,0.7186411149825787,0.01850439882697947,That
D:\GitHub\Do_an_tot_nghiep\data\processed\full_org\original_11_1.png,D:\GitHub\Do_an_tot_nghiep\data\processed\full_org\original_11_20.png,1,genuine_genuine,11,11,1.5459459459459453,0.005102639296187685,That
D:\GitHub\Do_an_tot_nghiep\data\processed\full_org\original_55_16.png,D:\GitHub\Do_an_tot_nghiep\data\processed\full_org\original_55_2.png,1,genuine_genuine,55,55,1.3934426229508197,0.006363636363636363,That
D:\GitHub\Do_an_tot_nghiep\data\processed\full_org\original_11_11.png,D:\GitHub\Do_an_tot_nghiep\data\processed\full_org\original_11_20.png,1,genuine_genuine,11,11,1.8857142857142852,0.006334310850439884,That
D:\GitHub\Do_an_tot_nghiep\data\processed\full_org\original_25_18.png,D:\GitHub\Do_an_tot_nghiep\data\processed\full_org\original_25_22.png,1,genuine_genuine,25,25,0.050878815911193254,0.025161290322580646,That
D:\GitHub\Do_an_tot_nghiep\data\processed\full_org\original_39_3.png,D:\GitHub\Do_an_tot_nghiep\data\processed\full_org\original_39_9.png,1,genuine_genuine,39,39,1.3968253968253963,0.006422287390029327,That
D:\GitHub\Do_an_tot_nghiep\data\processed\full_org\original_4_1.png,D:\GitHub\Do_an_tot_nghiep\data\processed\full_org\original_4_9.png,1,genuine_genuine,4,4,1.2380952380952381,0.013401759530791792,That
D:\GitHub\Do_an_tot_nghiep\data\processed\full_org\original_24_1.png,D:\GitHub\Do_an_tot_nghiep\data\processed\full_org\original_24_20.png,1,genuine_genuine,24,24,0.3507093894468356,0.020000000000000004,That
D:\GitHub\Do_an_tot_nghiep\data\processed\full_org\original_28_12.png,D:\GitHub\Do_an_tot_nghiep\data\processed\full_org\original_28_24.png,1,genuine_genuine,28,28,0.52689756816507,0.020557184750733135,That
D:\GitHub\Do_an_tot_nghiep\data\processed\full_org\original_38_13.png,D:\GitHub\Do_an_tot_nghiep\data\processed\full_org\original_38_19.png,1,genuine_genuine,38,38,1.1708683473389354,0.0081524926686217,That
D:\GitHub\Do_an_tot_nghiep\data\processed\full_org\original_25_18.png,D:\GitHub\Do_an_tot_nghiep\data\processed\full_org\original_25_6.png,1,genuine_genuine,25,25,0.6481178396072014,0.026510263929618763,That
D:\GitHub\Do_an_tot_nghiep\data\processed\full_org\original_22_20.png,D:\GitHub\Do_an_tot_nghiep\data\processed\full_org\original_22_3.png,1,genuine_genuine,22,22,0.4548915917503966,0.027712609970674484,That
D:\GitHub\Do_an_tot_nghiep\data\processed\full_org\original_39_19.png,D:\GitHub\Do_an_tot_nghiep\data\processed\full_org\original_39_3.png,1,genuine_genuine,39,39,2.6791569086651053,0.0032844574780058616,That
D:\GitHub\Do_an_tot_nghiep\data\processed\full_org\original_45_15.png,D:\GitHub\Do_an_tot_nghiep\data\processed\full_org\original_45_23.png,1,genuine_genuine,45,45,1.3596491228070176,0.0001759530791788852,That
D:\GitHub\Do_an_tot_nghiep\data\processed\full_org\original_18_11.png,D:\GitHub\Do_an_tot_nghiep\data\processed\full_org\original_18_16.png,1,genuine_genuine,18,18,1.3979933110367893,0.0005278592375366556,That
D:\GitHub\Do_an_tot_nghiep\data\processed\full_org\original_36_13.png,D:\GitHub\Do_an_tot_nghiep\data\processed\full_org\original_36_2.png,1,genuine_genuine,36,36,0.784956605593057,0.03208211143695015,That
D:\GitHub\Do_an_tot_nghiep\data\processed\full_org\original_40_20.png,D:\GitHub\Do_an_tot_nghiep\data\processed\full_org\original_40_5.png,1,genuine_genuine,40,40,1.6153846153846154,0.009208211143695015,That
D:\GitHub\Do_an_tot_nghiep\data\processed\full_org\original_43_16.png,D:\GitHub\Do_an_tot_nghiep\data\processed\full_org\original_43_3.png,1,genuine_genuine,43,43,0.1870967741935483,0.020175953079178882,That
D:\GitHub\Do_an_tot_nghiep\data\processed\full_org\original_21_16.png,D:\GitHub\Do_an_tot_nghiep\data\processed\full_org\original_21_21.png,1,genuine_genuine,21,21,0.46451612903225803,0.043753665689149554,That
